Athlete Country,Horse Url,Horse Name,Discipline,Year of Birth,Sex,FEI ID Number,Colour,Breed,Groom,Sire,Owner,Second Owner,Athlete Url,Athlete Name,Country of Birth
Australia,../../../en/results/equestrian/horse-nh001114-quality-purdey.htm,QUALITY PURDEY,Equestrian,2006,Mare,104CB64,Chestnut,Springpferdezuchtverband Oldenburg-Int. e.V,COUSINS Coriander,,,,,,
Australia,../../../en/results/equestrian/horse-nh001115-vassily-de-lassos.htm,VASSILY DE LASSOS,Equestrian,2009,Gelding,104WG51,Chestnut,Stud Book Français du Cheval Anglo-Arabe,GIRARDEAU CLEMTINE,"ANDREW HOY, STEFANIE HOY","DAVID EVANS, PAULA EVANS","ANDREW HOY, STEFANIE HOY",../../../en/results/equestrian/athlete-profile-n1482507-hoy-andrew.htm,HOY Andrew,France
Australia,../../../en/results/equestrian/horse-nh001116-don-quidam.htm,DON QUIDAM,Equestrian,2008,Gelding,105EI33,Bay,Koninklijk Warmbloed Paardenstamboek Nederland,HARTLEY LUCY,,"SCUDERIA 1918, EMMA MCNAB",,../../../en/results/equestrian/athlete-profile-n1482503-mcnab-kevin.htm,McNAB Kevin,Netherlands
Australia,../../../en/results/equestrian/horse-nh001117-virgil.htm,VIRGIL,Equestrian,2005,Gelding,103EH36,Bay,Other,WATTS RACHEL,MICHELLE HASIBAR,"NIKI ROSE, SHANE ROSE",MICHELLE HASIBAR,../../../en/results/equestrian/athlete-profile-n1482502-rose-shane.htm,ROSE Shane,Australia
Australia,../../../en/results/equestrian/horse-nh001123-leporis.htm,LEPORIS,Equestrian,2011,Gelding,105US17,Black,Verband der Züchter des Holsteiner Pferdes e.V.,TINNEY KAREN,,"KAREN TINNEY, STUART TINNEY",,../../../en/results/equestrian/athlete-profile-n1482504-tinney-stuart.htm,TINNEY Stuart,Germany
Austria,../../../en/results/equestrian/horse-nh001124-dsp-fighting-line.htm,DSP FIGHTING LINE,Equestrian,2007,Gelding,104YH14,Chestnut,Deutsches Sportpferd,OEHNER JULIA,,MARIANNE MUEHLBOECK,,../../../en/results/equestrian/athlete-profile-n1337499-siegl-lea.htm,SIEGL Lea,Germany
Austria,../../../en/results/equestrian/horse-nh001127-dsp-cosma.htm,DSP COSMA,Equestrian,2009,Mare,104MX60,Chestnut,Deutsches Sportpferd,MEITZ ANITA,,KATRIN KHODDAM-HAZRATI,,../../../en/results/equestrian/athlete-profile-n1337493-khoddam-hazrati-katrin.htm,KHODDAM-HAZRATI Katrin,Germany
Belgium,../../../en/results/equestrian/horse-nh001129-alpaga-d-arville.htm,ALPAGA D'ARVILLE,Equestrian,2006,Gelding,103OO93,Bay,"Stud-book sBs, le Cheval de Sport Belge",STEWART EMMA,,LARGA SPRL,,../../../en/results/equestrian/athlete-profile-n1401973-de-liedekerke-meier-lara.htm,de LIEDEKERKE-MEIER Lara,Belgium
Belarus,../../../en/results/equestrian/horse-nh001132-carlo-grande-jr-.htm,CARLO GRANDE JR.,Equestrian,2010,Gelding,105RQ58,Bay,Polish Horse Breeders Association,PAZNIAKOU ALIAKASNDR,AND BREEDING CENTER,REPUBLIC OLYMPIC EQUESTRIAN,AND BREEDING CENTER,../../../en/results/equestrian/athlete-profile-n1456940-zelenko-alexandre.htm,ZELENKO Alexandre,Poland
Belarus,../../../en/results/equestrian/horse-nh001133-martinie.htm,MARTINIE,Equestrian,2006,Gelding,104UI81,Dark Bay,Deutsches Sportpferd,IVANOVA MARYNA,FOR APPLIED SPORTS,GOMEL REGION OLYMPIC CENTER,FOR APPLIED SPORTS,../../../en/results/equestrian/athlete-profile-n1456948-faminou-aliaksandr.htm,FAMINOU Aliaksandr,Germany
Brazil,../../../en/results/equestrian/horse-nh001135-glenfly.htm,GLENFLY,Equestrian,2005,Gelding,103XY85,Bay,Other,CARPENTER DEBORAH JAYNE,,MARCELO TOSI,,../../../en/results/equestrian/athlete-profile-n1357077-tosi-marcelo.htm,TOSI Marcelo,Ireland
Brazil,../../../en/results/equestrian/horse-nh001136-iberon-jmen.htm,IBERON JMEN,Equestrian,2002,Gelding,104GY67,Bay,Asso. Brasileira de Criadores do Cavalo de Hipismo,MALLET KIMBERLEY,,SAMATHA TONELLO,,../../../en/results/equestrian/athlete-profile-n1357074-appel-cheuiche-marcio.htm,APPEL CHEUICHE Marcio,Brazil
Brazil,../../../en/results/equestrian/horse-nh001138-fuiloda-g.htm,FUILODA G,Equestrian,2010,Mare,105FW75,Bay,Finnish Warmblood,BRIEDITIS NINNI AMANDA,RAFAEL MAMPRIN LOSANO,"CRISTIANA LOSANO, WAGNER LOSANO",RAFAEL MAMPRIN LOSANO,../../../en/results/equestrian/athlete-profile-n1357085-mamprin-losano-rafael.htm,MAMPRIN LOSANO Rafael,Great Britain
Canada,../../../en/results/equestrian/horse-nh001139-qorry-blue-d-argouges.htm,QORRY BLUE D'ARGOUGES,Equestrian,2004,Gelding,102UD85,Grey,Stud Book du Cheval Selle Français (ANSF),MASSIE BROOKE,,PETER BARRY,,../../../en/results/equestrian/athlete-profile-n1429684-loach-colleen.htm,LOACH Colleen,France
Canada,../../../en/results/equestrian/horse-nh001140-pavarotti.htm,PAVAROTTI,Equestrian,2002,Gelding,CAN40285,Bay,Westfälisches Pferdestammbuch e.V.,KELLOCK JAMIE,,JESSICA PHOENIX,,../../../en/results/equestrian/athlete-profile-n1429685-phoenix-jessica.htm,PHOENIX Jessica,Germany
People's Republic of China,../../../en/results/equestrian/horse-nh001144-don-geniro.htm,DON GENIRO,Equestrian,2007,Gelding,104BI48,Chestnut,The British Hanoverian Horse Society,BRYDON LUCY,"PAM DEWS, SARAH HIGGINS","ALEX HUA TIAN, PIP HIGGINS","PAM DEWS, SARAH HIGGINS",../../../en/results/equestrian/athlete-profile-n1321143-hua-tian-alex.htm,HUA TIAN Alex,Great Britain
People's Republic of China,../../../en/results/equestrian/horse-nh001147-lady-chin-v-t-moerven-z.htm,LADY CHIN V'T MOERVEN Z,Equestrian,2010,Mare,105EG02,Bay,Stud-book Zangersheide,VANOMMESLAEGHE CHARLOTTE,,"HOUFENG SHEN, YU LIU",,../../../en/results/equestrian/athlete-profile-n1320910-sun-huadong.htm,SUN Huadong,Belgium
People's Republic of China,../../../en/results/equestrian/horse-nh001148-flandia-2.htm,FLANDIA 2,Equestrian,2006,Mare,103YO34,Bay,Westfälisches Pferdestammbuch e.V.,DE GRAAF MAAYKE,,"HOUFENG SHEN, YU LIU",,../../../en/results/equestrian/athlete-profile-n1385158-bao-yingfeng.htm,BAO Yingfeng,Germany
People's Republic of China,../../../en/results/equestrian/horse-nh001150-agora-de-bordenave.htm,AGORA DE BORDENAVE,Equestrian,2010,Mare,105KN66,Bay,Stud Book Français du Cheval Anglo-Arabe,LI ZE,"JEA YOUNG PAI, YONGTAO AO","HOI AU HA, MUN YIN REBECCA FOK","JEA YOUNG PAI, YONGTAO AO",../../../en/results/equestrian/athlete-profile-n1321097-liang-ruiji.htm,LIANG Ruiji,France
Czech Republic,../../../en/results/equestrian/horse-nh001151-ferreolus-lat.htm,FERREOLUS LAT,Equestrian,2010,Gelding,105DV71,Bay,Koninklijk Warmbloed Paardenstamboek Nederland,SVOBODOVA ADELA,,"MILOSLAV PRIHODA JR, VLADIMIR MALAK",,../../../en/results/equestrian/athlete-profile-n1450225-prihoda-jr-miloslav.htm,PRIHODA JR Miloslav,Netherlands
Czech Republic,../../../en/results/equestrian/horse-nh001152-shutterflyke.htm,SHUTTERFLYKE,Equestrian,2011,Mare,105QE71,Bay,Nederlands Rijpaarden en Pony Stamboek,SVOBODOVA ADELA,,SVOBODOVA ADELA,,../../../en/results/equestrian/athlete-profile-n1450227-trunda-miroslav.htm,TRUNDA Miroslav,Netherlands
Ecuador,../../../en/results/equestrian/horse-nh001157-altier-d-aurois.htm,ALTIER D'AUROIS,Equestrian,2010,Gelding,105RO77,Chestnut,Stud Book du Cheval Selle Français (ANSF),DEYME MONIQUE MARIE JANE,MONIQUE DEYME,"NICOLAS WETTSTEIN, FRANK WETTSTEIN",MONIQUE DEYME,../../../en/results/equestrian/athlete-profile-n1421942-wettstein-nicolas.htm,WETTSTEIN Nicolas,France
Spain,../../../en/results/equestrian/horse-nh001158-source-de-la-faye.htm,SOURCE DE LA FAYE,Equestrian,2006,Mare,103LR33,Chestnut,Stud Book Français du Cheval Anglo-Arabe,EVES TASSENE CAROLINE,,FRANCISCO GAVINO CARABANTES,,../../../en/results/equestrian/athlete-profile-n1358994-gavino-gonzalez-francisco.htm,GAVINO GONZALEZ Francisco,France
France,../../../en/results/equestrian/horse-nh001162-birmane.htm,BIRMANE,Equestrian,2011,Mare,105TP50,Bay,Stud Book du Cheval Selle Français (ANSF),COTON CAMILLE,,S.C.E.A. DE BELIARD,,../../../en/results/equestrian/athlete-profile-n1350491-carlile-thomas.htm,CARLILE Thomas,France
France,../../../en/results/equestrian/horse-nh001164-triton-fontaine.htm,TRITON FONTAINE,Equestrian,2007,Gelding,104LX44,Bay,Stud Book du Cheval Selle Français (ANSF),LOUIS THOMAS,"SARL EC. K. LAGHOUAG, C. LAFFITTE","PHILIPPE LEMOINE, GUY BESSAT","SARL EC. K. LAGHOUAG, C. LAFFITTE",../../../en/results/equestrian/athlete-profile-n1350506-laghouag-karim-florent.htm,LAGHOUAG Karim Florent,France
France,../../../en/results/equestrian/horse-nh001167-totem-de-brecey.htm,TOTEM DE BRECEY,Equestrian,2007,Gelding,104CS51,Grey,Stud Book du Cheval Selle Français (ANSF),GENET CHLOE,,"FRANCOIS SOUWEINE, JULIANE SOUWEINE",,../../../en/results/equestrian/athlete-profile-n1350523-six-christopher.htm,SIX Christopher,France
France,../../../en/results/equestrian/horse-nh001168-absolut-gold.htm,ABSOLUT GOLD,Equestrian,2010,Gelding,105FL48,Bay,Stud Book du Cheval Selle Français (ANSF),BONNAUD LOURIE,,HARAS DES COUDRETTES,,../../../en/results/equestrian/athlete-profile-n1350526-touzaint-nicolas.htm,TOUZAINT Nicolas,France
France,../../../en/results/equestrian/horse-nh001169-qing-du-briot.htm,QING DU BRIOT,Equestrian,2004,Gelding,103ID03,Bay,Stud Book du Cheval Selle Français (ANSF),DEVANNE Yann,,,,,,
Great Britain,../../../en/results/equestrian/horse-nh001173-london-52.htm,LONDON 52,Equestrian,2009,Gelding,105MA75,Bay,Verband der Züchter des Holsteiner Pferdes e.V.,HUGHES TILLY,LAURA COLLETT,"MR KEITH SCOTT, KAREN BARTLETT",LAURA COLLETT,../../../en/results/equestrian/athlete-profile-n1478815-collett-laura.htm,COLLETT Laura,Germany
Great Britain,../../../en/results/equestrian/horse-nh001176-toledo-de-kerser.htm,TOLEDO DE KERSER,Equestrian,2007,Gelding,104IR52,Bay,Stud Book du Cheval Selle Français (ANSF),GORNI FRANCESCA,"JANE INNS, PENNY BARKER","ALI MCEWEN, FRED BARKER","JANE INNS, PENNY BARKER",../../../en/results/equestrian/athlete-profile-n1478824-mcewen-tom.htm,McEWEN Tom,France
Germany,../../../en/results/equestrian/horse-nh001182-viamant-du-matz.htm,VIAMANT DU MATZ,Equestrian,2009,Gelding,104TQ35,Chestnut,Stud Book du Cheval Selle Français (ANSF),TREBBE NILS,,"CROY, NIKOLAUS PRINZ VON",,../../../en/results/equestrian/athlete-profile-n1346457-auffarth-sandra.htm,AUFFARTH Sandra,France
Germany,../../../en/results/equestrian/horse-nh001183-frh-corrida.htm,FRH CORRIDA,Equestrian,2009,Mare,104PJ67,Dark Bay,Hannoveraner Verband e. V.,DIBOWSKI SUSANNA,SUSANNA DIBOWSKI,"ALINA DIBOWSKI, ANDREAS DIBOWSKI",SUSANNA DIBOWSKI,../../../en/results/equestrian/athlete-profile-n1346458-dibowski-andreas.htm,DIBOWSKI Andreas,Germany
Germany,../../../en/results/equestrian/horse-nh001184-chipmunk-frh.htm,CHIPMUNK FRH,Equestrian,2008,Gelding,104LS84,Bay,Hannoveraner Verband e. V.,STEGER LENA,"H. MEYER-K., K. FISCHER, S. FISCHER",DE OLYMPIADE-KOMITEE FUR REITEREI,"H. MEYER-K., K. FISCHER, S. FISCHER",../../../en/results/equestrian/athlete-profile-n1346459-jung-michael.htm,JUNG Michael,Germany
Germany,../../../en/results/equestrian/horse-nh001185-amande-de-b-neville.htm,AMANDE DE B'NEVILLE,Equestrian,2010,Mare,105HT21,Bay,Stud Book du Cheval Selle Français (ANSF),DECKER SANDRA,,"BERND HEICKE, JULIA KRAJEWSKI",,../../../en/results/equestrian/athlete-profile-n1346461-krajewski-julia.htm,KRAJEWSKI Julia,France
India,../../../en/results/equestrian/horse-nh001192-seigneur.htm,SEIGNEUR,Equestrian,2006,Gelding,103UA93,Bay,Westfälisches Pferdestammbuch e.V.,POHJONEN JOHANNA AINI,DEVELOPMENT PVT LTD,M/S EMBASSY PROPERTY,DEVELOPMENT PVT LTD,../../../en/results/equestrian/athlete-profile-n1304461-mirza-fouaad.htm,MIRZA Fouaad,Germany
Ireland,../../../en/results/equestrian/horse-nh001194-rioghan-rua.htm,RIOGHAN RUA,Equestrian,2007,Mare,103YI06,Chestnut,Irish Sport Horse Studbook,KUEHNLE JENNIFER,,"FRANK KINSELLA, MARGARET KINSELLA",,../../../en/results/equestrian/athlete-profile-n1281896-daniels-cathal.htm,DANIELS Cathal,Ireland
Ireland,../../../en/results/equestrian/horse-nh001197-colorado-blue.htm,COLORADO BLUE,Equestrian,2009,Gelding,104YC94,Grey,Sport Horse Breeding of Great Britain,DENNING FRANCESA,,AUSTIN O'CONNOR,,../../../en/results/equestrian/athlete-profile-n1281908-o-connor-austin.htm,O'CONNOR Austin,Great Britain
Italy,../../../en/results/equestrian/horse-nh001199-imperial-van-de-holtakker.htm,IMPERIAL VAN DE HOLTAKKER,Equestrian,2008,Gelding,104LJ58,Bay,Belgisch Warmbloedpaard v.z.w.,LAL RAM,,MARIA GIOVANNA MAZZOCCHI,,../../../en/results/equestrian/athlete-profile-n1425808-bordone-susanna.htm,BORDONE Susanna,
Italy,../../../en/results/equestrian/horse-nh001200-bolivar-gio-granno.htm,BOLIVAR GIO GRANNO,Equestrian,2011,Stallion,105RV23,Bay,Stud Book Français du Cheval Anglo-Arabe,NELLI GAIA,,MARIA GIOVANNA MAZZOCCHI,,../../../en/results/equestrian/athlete-profile-n1414721-brecciaroli-stefano.htm,BRECCIAROLI Stefano,France
Italy,../../../en/results/equestrian/horse-nh001204-quefira-de-l-ormeau.htm,QUEFIRA DE L'ORMEAU,Equestrian,2004,Mare,102ZH51,Bay,Stud Book du Cheval Selle Français (ANSF),MONDON JEANNE AMELIA,,ARIANNA SCHIVO,,../../../en/results/equestrian/athlete-profile-n1450030-schivo-arianna.htm,SCHIVO Arianna,France
Japan,../../../en/results/equestrian/horse-nh001206-feroza-nieuwmoed.htm,FEROZA NIEUWMOED,Equestrian,2010,Gelding,105JK46,Bay,Koninklijk Warmbloed Paardenstamboek Nederland,HIRANAGA KENTA,,RIDING CLUB CRANE,,../../../en/results/equestrian/athlete-profile-n1285091-kitajima-ryuzo.htm,KITAJIMA Ryuzo,Netherlands
Japan,../../../en/results/equestrian/horse-nh001208-calle-44.htm,CALLE 44,Equestrian,2007,Gelding,103UW90,Bay,Verband der Züchter des Holsteiner Pferdes e.V.,KAMIROVA BARBORA,,"OIWA, YOSHIAKI",,../../../en/results/equestrian/athlete-profile-n1315025-oiwa-yoshiaki.htm,OIWA Yoshiaki,Germany
Japan,../../../en/results/equestrian/horse-nh001212-talma-d-allou.htm,TALMA D'ALLOU,Equestrian,2007,Gelding,104BS02,Bay,Stud Book du Cheval Selle Français (ANSF),GLENTWORTH MATTHEW,,RIDING CLUB CRANE,,../../../en/results/equestrian/athlete-profile-n1285092-tanaka-toshiyuki.htm,TANAKA Toshiyuki,France
Japan,../../../en/results/equestrian/horse-nh001214-vinci-de-la-vigne.htm,VINCI DE LA VIGNE,Equestrian,2009,Gelding,104QA80,Bay,Stud Book du Cheval Selle Français (ANSF),POTTS JACQUELINE,,JAPAN EQUESTRIAN FEDERATION,,../../../en/results/equestrian/athlete-profile-n1285089-tomoto-kazuma.htm,TOMOTO Kazuma,France
Netherlands,../../../en/results/equestrian/horse-nh001219-the-quizmaster.htm,THE QUIZMASTER,Equestrian,2009,Gelding,104TR15,Bay,Koninklijk Warmbloed Paardenstamboek Nederland,HILHORST RICK,,BLOM SPORTS STABLES,,../../../en/results/equestrian/athlete-profile-n1466469-blom-merel.htm,BLOM Merel,Netherlands
Netherlands,../../../en/results/equestrian/horse-nh001220-champ-de-tailleur.htm,CHAMP DE TAILLEUR,Equestrian,2007,Gelding,105AR46,Grey,Koninklijk Warmbloed Paardenstamboek Nederland,BOONZAAIJER RIA,,H J C ROOZENDAAL,,../../../en/results/equestrian/athlete-profile-n1466470-boonzaaijer-janneke.htm,BOONZAAIJER Janneke,Netherlands
New Zealand,../../../en/results/equestrian/horse-nh001224-vitali.htm,VITALI,Equestrian,2010,Gelding,105NP01,Bay,Verband der Züchter des Holsteiner Pferdes e.V.,MILES LUCY,JOSEPH GIANNAMORE,"ALEXANDER GIANNAMORE, TIM PRICE",JOSEPH GIANNAMORE,../../../en/results/equestrian/athlete-profile-n1471201-price-tim.htm,PRICE Tim,Germany
New Zealand,../../../en/results/equestrian/horse-nh001227-grovine-de-reve.htm,GROVINE DE REVE,Equestrian,2008,Gelding,104PU01,Bay,Irish Sport Horse Studbook,EDMANS KERRYN,,"THERESE MILLER, JONELLE PRICE",,../../../en/results/equestrian/athlete-profile-n1471200-price-jonelle.htm,PRICE Jonelle,Ireland
New Zealand,../../../en/results/equestrian/horse-nh001231-diachello.htm,DIACHELLO,Equestrian,2010,Gelding,105BL17,Dark Bay,Verband der Züchter des Holsteiner Pferdes e.V.,MCLEAN HANNAH,,"JESSE CAMPBELL, KENT GARDNER",,../../../en/results/equestrian/athlete-profile-n1471186-campbell-jesse.htm,CAMPBELL Jesse,Germany
New Zealand,../../../en/results/equestrian/horse-nh001232-tresca-nzph.htm,TRESCA NZPH,Equestrian,2006,Gelding,103UP46,Bay,Other,THOMAS ROSIE,,"BRYAN PHILPOTT, BUNDY PHILPOTT",,../../../en/results/equestrian/athlete-profile-n1471197-philpott-bundy.htm,PHILPOTT Bundy,New Zealand
Poland,../../../en/results/equestrian/horse-nh001234-banderas.htm,BANDERAS,Equestrian,2007,Gelding,104AD69,Chestnut,Polish Horse Breeders Association,SPISAK WIKTORIA,,MAREK JODKO,,../../../en/results/equestrian/athlete-profile-n1312099-spisak-pawel.htm,SPISAK Pawel,Poland
Poland,../../../en/results/equestrian/horse-nh001237-jard.htm,JARD,Equestrian,2010,Gelding,105JT77,Bay,Polish Horse Breeders Association,KAMINSKA ZOFIA,,MARCIN KAMINSKI,,../../../en/results/equestrian/athlete-profile-n1312096-kaminski-jan.htm,KAMINSKI Jan,Poland
Poland,../../../en/results/equestrian/horse-nh001238-chenaro-2.htm,CHENARO 2,Equestrian,2009,Gelding,104QI94,Chestnut,Verband der Züchter des Oldenburger Pferdes e.V.,KULIKOWSKI PIOTR,,MARZENNA WALDEN,,../../../en/results/equestrian/athlete-profile-n1312138-cybulska-malgorzata.htm,CYBULSKA Malgorzata,Germany
Poland,../../../en/results/equestrian/horse-nh001239-fantastic-frieda.htm,FANTASTIC FRIEDA,Equestrian,2009,Mare,105GO36,Bay,Hannoveraner Verband e. V.,BOGDA ALEKSANDRA,,JOANNA PAWLAK,,../../../en/results/equestrian/athlete-profile-n1312098-pawlak-joanna.htm,PAWLAK Joanna,Germany
Puerto Rico,../../../en/results/equestrian/horse-nh001242-castle-larchfield-purdy.htm,CASTLE LARCHFIELD PURDY,Equestrian,2002,Gelding,GBR42896,Bay,Irish Sport Horse Studbook,BUSHLOW ANDREA,,"PURDY SYNDICATE,LLC, LAUREN BILLYS",,../../../en/results/equestrian/athlete-profile-n1298464-billys-lauren.htm,BILLYS Lauren,Ireland
South Africa,../../../en/results/equestrian/horse-nh001243-valtho-des-peupliers.htm,VALTHO DES PEUPLIERS,Equestrian,2009,Gelding,104AD49,Chestnut,Stud Book du Cheval Selle Français (ANSF),CREMIEUX CHARLOTTE,,MADAME VICTORIA SCOTT,,../../../en/results/equestrian/athlete-profile-n1311748-scott-legendre-victoria.htm,SCOTT-LEGENDRE Victoria,France
Switzerland,../../../en/results/equestrian/horse-nh001249-violine-de-la-brasserie.htm,VIOLINE DE LA BRASSERIE,Equestrian,2009,Mare,105DH09,Chestnut,Zuchtverband CH-Sportpferde ZVCH Swiss Warmblood,BAENZIGER VERA,,"CHRISTIAN KRON, MATHIAS BODENMULLER",,../../../en/results/equestrian/athlete-profile-n1465483-bodenmuller-eveline.htm,BODENMULLER Eveline,Switzerland
Switzerland,../../../en/results/equestrian/horse-nh001253-toubleu-de-rueire.htm,TOUBLEU DE RUEIRE,Equestrian,2007,Gelding,104JG55,Grey,Stud Book du Cheval Selle Français (ANSF),RAY VALENTINE,,"PETER HASENBOEHLER, PETER THUERLER",,../../../en/results/equestrian/athlete-profile-n1465791-johner-melody.htm,JOHNER Melody,France
Sweden,../../../en/results/equestrian/horse-nh001258-balham-mist.htm,BALHAM MIST,Equestrian,2007,Gelding,104KU70,Chestnut,Sport Horse Breeding of Great Britain,ANGLIN SINEAD,SVENNERSTAL EVENTING AB,ANDREW AYRES,SVENNERSTAL EVENTING AB,../../../en/results/equestrian/athlete-profile-n1436047-svennerstal-ludwig.htm,SVENNERSTAL Ludwig,Great Britain
Sweden,../../../en/results/equestrian/horse-nh001259-chicuelo.htm,CHICUELO,Equestrian,2011,Gelding,105PZ70,Bay,Swedish Warmblood Association,SCHERNECK ROBERTO,GUNNAR MODALEN,PATRICIA ODDSHAMMAR,GUNNAR MODALEN,../../../en/results/equestrian/athlete-profile-n1436053-algotsson-ostholt-sara.htm,ALGOTSSON OSTHOLT Sara,Sweden
Sweden,../../../en/results/equestrian/horse-nh001260-viscera.htm,VISCERA,Equestrian,2008,Mare,104TJ10,Bay,Hannoveraner Verband e. V.,SYREN ANN SOFIE,,LENA NYSTROM,,../../../en/results/equestrian/athlete-profile-n1436056-viklund-therese.htm,VIKLUND Therese,Germany
Sweden,../../../en/results/equestrian/horse-nh001263-cato-60.htm,CATO 60,Equestrian,2004,Gelding,103GS83,Dark Bay,Verband der Züchter des Holsteiner Pferdes e.V.,ESKILSSON LOVISA,SUSANNE ROMEIKE,"HINRICH ROMEIKE, LOUISE ROMEIKE",SUSANNE ROMEIKE,../../../en/results/equestrian/athlete-profile-n1436046-romeike-louise.htm,ROMEIKE Louise,Germany
Thailand,../../../en/results/equestrian/horse-nh001266-boleybawn-prince.htm,BOLEYBAWN PRINCE,Equestrian,2004,Gelding,102YO32,Chestnut,Irish Sport Horse Studbook,MONTGINOUX MATHILDE,"N. LERTRUNGAMORN, T. CHAVATANONT","A. CHAVATANONT, K. CHAVATANONT","N. LERTRUNGAMORN, T. CHAVATANONT",../../../en/results/equestrian/athlete-profile-n1475108-chavatanont-arinadtha.htm,CHAVATANONT Arinadtha,Ireland
Thailand,../../../en/results/equestrian/horse-nh001267-carnival-march.htm,CARNIVAL MARCH,Equestrian,2011,Gelding,105SA02,Bay,Irish Sport Horse Studbook,GERVAIS PAULINE,SUREEPORN PITAKANONDA,"HARALD LINK, NUNTHINEE TANNER",SUREEPORN PITAKANONDA,../../../en/results/equestrian/athlete-profile-n1475274-pitakanonda-weerapat.htm,PITAKANONDA Weerapat,
Thailand,../../../en/results/equestrian/horse-nh001268-bonero-k.htm,BONERO K,Equestrian,2006,Gelding,104LB68,Bay,Koninklijk Warmbloed Paardenstamboek Nederland,SUKHAMPHA SUPHACHAI,,"NARA KETUSINGHA, VITHAI LAITHOMYA",,../../../en/results/equestrian/athlete-profile-n1475245-samran-korntawat.htm,SAMRAN Korntawat,Netherlands
United States of America,../../../en/results/equestrian/horse-nh001271-z.htm,Z,Equestrian,2008,Gelding,104FF03,Bay,Stud-book Zangersheide,FORD EMMA JANE,"S. ROOSEVELT, S. LACY, T. TIERNEY","A. JONES, C. MORAN, E. DUTTON","S. ROOSEVELT, S. LACY, T. TIERNEY",../../../en/results/equestrian/athlete-profile-n1451515-dutton-phillip.htm,DUTTON Phillip,Belgium
United States of America,../../../en/results/equestrian/horse-nh001272-deniro-z.htm,DENIRO Z,Equestrian,2008,Gelding,104Yh43,Bay,Koninklijk Warmbloed Paardenstamboek Nederland,,,,,,,
United States of America,../../../en/results/equestrian/horse-nh001274-tsetserleg-tsf.htm,TSETSERLEG TSF,Equestrian,2007,Gelding,104GI56,Black,Verband der Züchter und Freunde des Ostpr.  e.V.,TURNER CHRISTINE,TOMMIE TURNER,"CHRISTINE TURNER, THOMAS IV TURNER",TOMMIE TURNER,../../../en/results/equestrian/athlete-profile-n1451470-martin-boyd.htm,MARTIN Boyd,United States of America
United States of America,../../../en/results/equestrian/horse-nh001276-vandiver.htm,VANDIVER,Equestrian,2004,Gelding,103OA10,Bay,Verband der Züchter und Freunde des Ostpr.  e.V.,CARSON COURTNEY,,"DEBI CROWLEY, DOUG, JESSICA PAYNE",,../../../en/results/equestrian/athlete-profile-n1451479-payne-doug.htm,PAYNE Doug,United States of America
United States of America,../../../en/results/equestrian/horse-nh001277-mai-baum.htm,MAI BAUM,Equestrian,2006,Gelding,104AO61,Black,Deutsches Sportpferd,LONDON BRIDGET,"ELLEN AHEARN, ERIC MARKELL",ALEXANDRA AHEARN,"ELLEN AHEARN, ERIC MARKELL",../../../en/results/equestrian/athlete-profile-n1451529-smith-tamra.htm,SMITH Tamra,Germany
Argentina,../../../en/results/equestrian/horse-nh001283-cannavaro-9.htm,CANNAVARO 9,Equestrian,2004,Gelding,103AV38,Bay,Westfälisches Pferdestammbuch e.V.,GONZALEZ JORGE LUIS,,"LAROCCA, JOSE MARIA",,../../../en/results/equestrian/athlete-profile-n1360544-albarracin-matias.htm,ALBARRACIN Matias,Germany
Argentina,../../../en/results/equestrian/horse-nh001286-quintino-9.htm,QUINTINO 9,Equestrian,2009,Gelding,104WB41,Bay,Verband der Züchter des Holsteiner Pferdes e.V.,SANTAMARIA ARDILA HEYMAR,LUDGER BEERBAUM STABLES GMBH,JOSE MARIA (JR) LAROCCA,LUDGER BEERBAUM STABLES GMBH,../../../en/results/equestrian/athlete-profile-n1360790-dopazo-martin.htm,DOPAZO Martin,Germany
Argentina,../../../en/results/equestrian/horse-nh001289-finn-lente.htm,FINN LENTE,Equestrian,2010,Gelding,105HH68,Bay,Koninklijk Warmbloed Paardenstamboek Nederland,SANTAMARIA ARDILA HEYMAR,,JOSE MARIA (JR) LAROCCA,,../../../en/results/equestrian/athlete-profile-n1360792-larocca-jose-maria-jr.htm,LAROCCA Jose Maria Jr,Netherlands
Argentina,../../../en/results/equestrian/horse-nh001290-emir.htm,EMIR,Equestrian,2009,Gelding,105CG61,Chestnut,Koninklijk Warmbloed Paardenstamboek Nederland,LOPEZ REDETZKI,,"FABIAN SEJANES, DANIEL RIHAN",,../../../en/results/equestrian/athlete-profile-n1360798-sejanes-fabian.htm,SEJANES Fabian,Netherlands
Australia,../../../en/results/equestrian/horse-nh001293-oaks-constellation.htm,OAKS CONSTELLATION,Equestrian,2006,Gelding,104EN02,Bay,Australian Warmblood Horse Association,MULDER CODY,,KERRIE WINNING,,../../../en/results/equestrian/athlete-profile-n1482513-kermond-jamie.htm,KERMOND Jamie,Australia
Australia,../../../en/results/equestrian/horse-nh001294-casebrooke-lomond.htm,CASEBROOKE LOMOND,Equestrian,2008,Stallion,105ID43,Grey,Verband der Züchter des Holsteiner Pferdes e.V.,CUKU ASHLYN,"SHEENA ROSS, VICKI MCVEAN","JEFF MCVEAN, KATIE LAURIE","SHEENA ROSS, VICKI MCVEAN",../../../en/results/equestrian/athlete-profile-n1482511-laurie-katie.htm,LAURIE Katie,Australia
Australia,../../../en/results/equestrian/horse-nh001296-identity-vitseroel.htm,IDENTITY VITSEROEL,Equestrian,2008,Mare,104NE93,Bay,Belgisch Warmbloedpaard v.z.w.,PIHU REESA,,EDWINA TOPS-ALEXANDER,,../../../en/results/equestrian/athlete-profile-n1482514-tops-alexander-edwina.htm,TOPS-ALEXANDER Edwina,Belgium
Belgium,../../../en/results/equestrian/horse-nh001298-delux-van-t-andamp-l.htm,DELUX VAN T &amp; L,Equestrian,2009,Gelding,104TT43,Bay,"Stud-book sBs, le Cheval de Sport Belge",BALATEAU KEO,NIELS BRUYNSEELS,GLOBAL ONE HORSES LTD.,NIELS BRUYNSEELS,../../../en/results/equestrian/athlete-profile-n1393568-bruynseels-niels.htm,BRUYNSEELS Niels,Belgium
Belgium,../../../en/results/equestrian/horse-nh001301-quel-homme-de-hus.htm,QUEL HOMME DE HUS,Equestrian,2006,Stallion,103VE40,Bay,Verband der Züchter des Holsteiner Pferdes e.V.,PASCOE KIRSTY,EDEN FARM FARL,"JEROME GUERY, ALEXANDER OANCEA",EDEN FARM FARL,../../../en/results/equestrian/athlete-profile-n1401970-guery-jerome.htm,GUERY Jerome,Germany
Belgium,../../../en/results/equestrian/horse-nh001304-jeunesse.htm,JEUNESSE,Equestrian,2009,Mare,104MZ39,Bay,Belgisch Warmbloedpaard v.z.w.,LEEMANS LOTTE,,SPORTSTAL VANDERHASSELT NV,,../../../en/results/equestrian/athlete-profile-n1393572-vanderhasselt-yves.htm,VANDERHASSELT Yves,Belgium
Belgium,../../../en/results/equestrian/horse-nh001306-nevados-s.htm,NEVADOS S,Equestrian,2008,Stallion,104CO27,Grey,Polish Horse Breeders Association,BENOIT SYLVAIN,,NEVADOS GROUP,,../../../en/results/equestrian/athlete-profile-n1401972-wathelet-gregory.htm,WATHELET Gregory,Poland
Brazil,../../../en/results/equestrian/horse-nh001311-carlito-s-way-6.htm,CARLITO'S WAY 6,Equestrian,2010,Gelding,105IS74,Dark Bay,Verband der Züchter des Holsteiner Pferdes e.V.,HERNANDEZ CARDONA WILDONA FRANCISCO,RODRIGO DE PAULA PESSOA,ARTEMIS EQUESTRIAN FARM LLC,RODRIGO DE PAULA PESSOA,../../../en/results/equestrian/athlete-profile-n1357086-de-paula-pessoa-rodrigo.htm,de PAULA PESSOA Rodrigo,Germany
Brazil,../../../en/results/equestrian/horse-nh001312-alfons.htm,ALFONS,Equestrian,2007,Gelding,105AB48,Bay,Estonian Sport Horse Breeders Society,SANTANNA BESSIL LEANDRO,"CLEAR ROUND B.V., YURI MANSUR",SANTO ANTONIO HORSES BV,"CLEAR ROUND B.V., YURI MANSUR",../../../en/results/equestrian/athlete-profile-n1357091-mansur-yuri.htm,MANSUR Yuri,Estonia
Brazil,../../../en/results/equestrian/horse-nh001313-edgar-m.htm,EDGAR M,Equestrian,2009,Gelding,104VN24,Chestnut,Koninklijk Warmbloed Paardenstamboek Nederland,HONACK ANDREA,E MEIJER,"MARLON MODOLO ZANOTELLI, VDL STUD",E MEIJER,../../../en/results/equestrian/athlete-profile-n1357078-modolo-zanotelli-marlon.htm,MODOLO ZANOTELLI Marlon,Netherlands
Brazil,../../../en/results/equestrian/horse-nh001315-catover.htm,CATOVER,Equestrian,2009,Stallion,104WT35,Bay,Verband der Züchter des Holsteiner Pferdes e.V.,,,"MARIO ONATE, RODRIGO LAMBRE",,,,Germany
Brazil,../../../en/results/equestrian/horse-nh001316-catch-me.htm,CATCH ME,Equestrian,2008,Mare,104EV96,Dark Bay,Hannoveraner Verband e. V.,,,DANIEL AGUIAR MORELLI,,,,Germany
Canada,../../../en/results/equestrian/horse-nh001317-bardolina-2.htm,BARDOLINA 2,Equestrian,2009,Mare,104TU30,Bay,Verband der Züchter des Holsteiner Pferdes e.V.,GRABOWSKI MEG,,MARIO DESLAURIERS,,../../../en/results/equestrian/athlete-profile-n1451243-deslauriers-mario.htm,DESLAURIERS Mario,Germany
Chile,../../../en/results/equestrian/horse-nh001322-dubai.htm,DUBAI,Equestrian,2008,Gelding,104VQ12,Bay,Koninklijk Warmbloed Paardenstamboek Nederland,MEDINA DANTA,,"SAMUEL PAROT, RENATO SOFFIA",,../../../en/results/equestrian/athlete-profile-n1320096-parot-samuel.htm,PAROT Samuel,Netherlands
People's Republic of China,../../../en/results/equestrian/horse-nh001323-uncas-s.htm,UNCAS S,Equestrian,2008,Stallion,104WH41,Chestnut,Anglo European Studbook,TONG JING,,"JING TONG, ZHENQIANG LI",,../../../en/results/equestrian/athlete-profile-n1321366-li-zhenqiang.htm,LI Zhenqiang,Belgium
People's Republic of China,../../../en/results/equestrian/horse-nh001325-jericho-dwerse-hagen.htm,JERICHO DWERSE HAGEN,Equestrian,2009,Stallion,104NG44,Bay,Belgisch Warmbloedpaard v.z.w.,LI DONG,,YAOFENG LI,,../../../en/results/equestrian/athlete-profile-n1315214-li-yaofeng.htm,LI Yaofeng,Belgium
People's Republic of China,../../../en/results/equestrian/horse-nh001328-caesar.htm,CAESAR,Equestrian,2009,Gelding,104UY36,Dark Bay,Estonian Sport Horse Breeders Society,VAN DIJCK MARC,,"HONG MENG, GE CHAO, YONGJUN ZHANG",,../../../en/results/equestrian/athlete-profile-n1323655-zhang-you.htm,ZHANG You,Estonia
People's Republic of China,../../../en/results/equestrian/horse-nh001331-for-passion-d-ive-z.htm,FOR PASSION D IVE Z,Equestrian,2007,Stallion,103TM55,Chestnut,Stud-book Zangersheide,LAMBRECHT VINCENT,,YONGGUI ZHANG,,../../../en/results/equestrian/athlete-profile-n1323650-zhang-xingjia.htm,ZHANG Xingjia,Belgium
Colombia,../../../en/results/equestrian/horse-nh001334-dez-ooktoff.htm,DEZ' OOKTOFF,Equestrian,2008,Gelding,104IT51,Bay,Koninklijk Warmbloed Paardenstamboek Nederland,ORANTES PORTILLO ANDRES,,"LOLA TERAN, MARIA CAMILA GONZALEZ",,../../../en/results/equestrian/athlete-profile-n1478461-teran-tafur-roberto.htm,TERAN TAFUR Roberto,Netherlands
Czech Republic,../../../en/results/equestrian/horse-nh001336-catch-me-if-you-can-old.htm,CATCH ME IF YOU CAN OLD,Equestrian,2008,Mare,104OO78,Bay,Springpferdezuchtverband Oldenburg-Int. e.V,KRPELOVA KATERINA,,"CZECH EQUESTRIAN TEAM, A.S.",,../../../en/results/equestrian/athlete-profile-n1450216-kellnerova-anna.htm,KELLNEROVA Anna,Germany
Czech Republic,../../../en/results/equestrian/horse-nh001338-forewer.htm,FOREWER,Equestrian,2011,Gelding,105RP15,Bay,Czech Warmblood Breeders Association,CERNA JOHANA,,VACLAV OPATRNY,,../../../en/results/equestrian/athlete-profile-n1450218-opatrny-ales.htm,OPATRNY Ales,Czech Republic
Czech Republic,../../../en/results/equestrian/horse-nh001339-warness.htm,WARNESS,Equestrian,2010,Stallion,105IZ83,Dark Bay,Koninklijk Warmbloed Paardenstamboek Nederland,PETRICKOVA MONIKA,,ZEMSKY HREBCINEC PISEK S.P.O.,,../../../en/results/equestrian/athlete-profile-n1450221-papousek-kamil.htm,PAPOUSEK Kamil,Netherlands
Czech Republic,../../../en/results/equestrian/horse-nh001340-cento-lano.htm,CENTO LANO,Equestrian,2004,Stallion,102YD48,Grey,"Stud-book sBs, le Cheval de Sport Belge",DRBOHLAVOVA DIANA,,HANA RECHOVA,,../../../en/results/equestrian/athlete-profile-n1450233-zvara-ondrej.htm,ZVARA Ondrej,Belgium
Denmark,../../../en/results/equestrian/horse-nh001344-darc-de-lux.htm,DARC DE LUX,Equestrian,2011,Stallion,105IC03,Bay,Verband der Züchter des Holsteiner Pferdes e.V.,HANNA CARLSSON,,SCHOU ABSOLUTE HORSES A/S,,../../../en/results/equestrian/athlete-profile-n1390785-schou-andreas.htm,SCHOU Andreas,Denmark
Dominican Republic,../../../en/results/equestrian/horse-nh001345-carnaval.htm,CARNAVAL,Equestrian,2005,Gelding,104KG44,Chestnut,Verband der Züchter des Oldenburger Pferdes e.V.,MOREIRA PELICANO GIOVANNA,HECTOR FLORENTINO ROCA,SPRUCE MEADOWS LTD,HECTOR FLORENTINO ROCA,../../../en/results/equestrian/athlete-profile-n1341662-florentino-roca-hector.htm,FLORENTINO ROCA Hector,Germany
Egypt,../../../en/results/equestrian/horse-nh001349-igor-van-de-wittemoere.htm,IGOR VAN DE WITTEMOERE,Equestrian,2008,Gelding,105EC16,Bay,Belgisch Warmbloedpaard v.z.w.,PERALTA CRUZ ESTANISLAO,,"EVERGATE STABLES LLC, NAYEL NASSAR",,../../../en/results/equestrian/athlete-profile-n1408332-nassar-nayel.htm,NASSAR Nayel,Belgium
Egypt,../../../en/results/equestrian/horse-nh001350-bandit-savoie.htm,BANDIT SAVOIE,Equestrian,2011,Gelding,105RH74,Chestnut,Stud Book du Cheval Selle Français (ANSF),LAVRINOVICA SOFIJA,,"ABDEL SAID, AS SPORT HORSES",,../../../en/results/equestrian/athlete-profile-n1396373-said-abdel.htm,SAID Abdel,France
Egypt,../../../en/results/equestrian/horse-nh001352-darshan.htm,DARSHAN,Equestrian,2011,Stallion,105JH58,Bay,Stud Book du Cheval Selle Français (ANSF),ZAKY HOSAM,,MOHAMED TALAAT,,../../../en/results/equestrian/athlete-profile-n1396347-talaat-mohamed.htm,TALAAT Mohamed,France
Egypt,../../../en/results/equestrian/horse-nh001353-galanthos-shk.htm,GALANTHOS SHK,Equestrian,2011,Gelding,106OL15,Dark Chestnut,Koninklijk Warmbloed Paardenstamboek Nederland,PETROV SERHII,,ANEMONE SPORTPAARDEN BV,,../../../en/results/equestrian/athlete-profile-n1396357-zeyada-mouda.htm,ZEYADA Mouda,Netherlands
Spain,../../../en/results/equestrian/horse-nh001354-legend.htm,LEGEND,Equestrian,2011,Gelding,106AM28,Chestnut,Belgisch Warmbloedpaard v.z.w.,OLSZEWSKA JOANNA,,KALIYUGA S.L.,,../../../en/results/equestrian/athlete-profile-n1358987-alvarez-aznar-eduardo.htm,ALVAREZ AZNAR Eduardo,Belgium
France,../../../en/results/equestrian/horse-nh001356-quel-filou-13.htm,QUEL FILOU 13,Equestrian,2006,Gelding,104HF50,Grey,Landesverband Bayerischer Pferdezüchtere V.,LAHALLE KALLISTE,"BENJAMIN GARREAU, VALENTINE GARREAU",S.C.E.A. ECURIE BILLOT,"BENJAMIN GARREAU, VALENTINE GARREAU",../../../en/results/equestrian/athlete-profile-n1350487-billot-mathieu.htm,BILLOT Mathieu,Germany
France,../../../en/results/equestrian/horse-nh001358-berlux-z.htm,BERLUX Z,Equestrian,2011,Gelding,105SC56,Grey,Stud-book Zangersheide,MORANDAT AUDREY,SIMON DELESTRE,NICHOLAS HOCHSTADTER,SIMON DELESTRE,../../../en/results/equestrian/athlete-profile-n1350497-delestre-simon.htm,DELESTRE Simon,Belgium
France,../../../en/results/equestrian/horse-nh001359-urvoso-du-roch.htm,URVOSO DU ROCH,Equestrian,2008,Gelding,104VD79,Chestnut,Stud Book du Cheval Selle Français (ANSF),GUICHARD CLAUDIA,,MARIE CLAUDINE MORLION,,../../../en/results/equestrian/athlete-profile-n1350498-delmotte-nicolas.htm,DELMOTTE Nicolas,France
France,../../../en/results/equestrian/horse-nh001362-vancouver-de-lanlore.htm,VANCOUVER DE LANLORE,Equestrian,2009,Stallion,104IR75,Dark Bay,Stud Book du Cheval Selle Français (ANSF),CLOUP MELANIE,PENELOPE LEPREVOST,"FRANCOIS VORPE, GUISEPPE MARINO",PENELOPE LEPREVOST,../../../en/results/equestrian/athlete-profile-n1350509-leprevost-penelope.htm,LEPREVOST Penelope,France
Great Britain,../../../en/results/equestrian/horse-nh001368-jefferson.htm,JEFFERSON,Equestrian,2009,Gelding,104SN26,Bay,Belgisch Warmbloedpaard v.z.w.,HONNET DAVID,LADY PAULINE KIRKHAM,LADY PAULINE HARRIS,LADY PAULINE KIRKHAM,../../../en/results/equestrian/athlete-profile-n1478528-brash-scott.htm,BRASH Scott,Belgium
Great Britain,../../../en/results/equestrian/horse-nh001369-romeo-88.htm,ROMEO 88,Equestrian,2009,Stallion,104NF14,Bay,Stud-book Zangersheide,ELLWOOD GEORGIA,,"ANN THOMPSON, HARRY CHARLES",,../../../en/results/equestrian/athlete-profile-n1478529-charles-harry.htm,CHARLES Harry,Belgium
Great Britain,../../../en/results/equestrian/horse-nh001370-explosion-w.htm,EXPLOSION W,Equestrian,2009,Gelding,105HH44,Chestnut,Koninklijk Warmbloed Paardenstamboek Nederland,KENNY CORMAC,PAMELA WRIGHT,"BEN MAHER, CHARLOTTE ROSSETTER",PAMELA WRIGHT,../../../en/results/equestrian/athlete-profile-n1478534-maher-ben.htm,MAHER Ben,Netherlands
Great Britain,../../../en/results/equestrian/horse-nh001371-denver.htm,DENVER,Equestrian,2008,Gelding,104VB85,Bay,Koninklijk Warmbloed Paardenstamboek Nederland,DODD KATE,,IAN DOWIE,,../../../en/results/equestrian/athlete-profile-n1478537-smith-holly.htm,SMITH Holly,Netherlands
Germany,../../../en/results/equestrian/horse-nh001379-killer-queen.htm,KILLER QUEEN,Equestrian,2010,Mare,105HC59,Bay,Belgisch Warmbloedpaard v.z.w.,LYNCH SEAN,,"STEPHEX STABLES, DANIEL DEUSSER",,../../../en/results/equestrian/athlete-profile-n1346476-deusser-daniel.htm,DEUSSER Daniel,Belgium
Germany,../../../en/results/equestrian/horse-nh001382-mumbai.htm,MUMBAI,Equestrian,2012,Stallion,106BE04,Grey,Belgisch Warmbloedpaard v.z.w.,NIEMEYER AYLIN,WOODLANDS INTERNATIONAL SALES,LUDGER BEERBAUM STABLES GMBH,WOODLANDS INTERNATIONAL SALES,../../../en/results/equestrian/athlete-profile-n1346451-kukuk-christian.htm,KUKUK Christian,Belgium
Germany,../../../en/results/equestrian/horse-nh001384-don-diarado.htm,DON DIARADO,Equestrian,2009,Stallion,104YG46,Bay,Rheinisches Pferdestammbuch e.V.,HELLMICH ULRIKE,RENE TEBBEL,"GERHARD MUETER, MARION MUETER",RENE TEBBEL,../../../en/results/equestrian/athlete-profile-n1346448-tebbel-maurice.htm,TEBBEL Maurice,Germany
Germany,../../../en/results/equestrian/horse-nh001385-dsp-chakaria.htm,DSP CHAKARIA,Equestrian,2010,Mare,106GO54,Chestnut,Deutsches Sportpferd,SCHLIMPERT SUZANNE,,PFERDEMANAGEMENT AND MARKETING GMBH,,../../../en/results/equestrian/athlete-profile-n1346455-thieme-andre.htm,THIEME Andre,Germany
Ireland,../../../en/results/equestrian/horse-nh001391-pacino-amiro.htm,PACINO AMIRO,Equestrian,2012,Gelding,105YF25,Bay,Irish Sport Horse Studbook,MUNTER LOVISA,,AIDEN MCGRORY,,../../../en/results/equestrian/athlete-profile-n1281886-allen-bertram.htm,ALLEN Bertram,Ireland
Ireland,../../../en/results/equestrian/horse-nh001394-cartello.htm,CARTELLO,Equestrian,2007,Stallion,104JZ97,Grey,Verband der Züchter des Holsteiner Pferdes e.V.,O'DONOVAN NICHOLA,,"HEATHMAN FARM, LLC",,../../../en/results/equestrian/athlete-profile-n1281901-kenny-darragh.htm,KENNY Darragh,Germany
Ireland,../../../en/results/equestrian/horse-nh001396-kilkenny.htm,KILKENNY,Equestrian,2012,Gelding,105TX51,Grey,Irish Sport Horse Studbook,BERG JOHANNA,,SUSAN MAGNIER,,../../../en/results/equestrian/athlete-profile-n1281907-o-connor-cian.htm,O'CONNOR Cian,Ireland
Ireland,../../../en/results/equestrian/horse-nh001402-karlin-van-t-vennehof.htm,KARLIN VAN 'T VENNEHOF,Equestrian,2010,Mare,105XU21,Bay,Belgisch Warmbloedpaard v.z.w.,ISRAELSSON MARIA,,"SEABROOK LLC, SHANE SWEETNAM",,../../../en/results/equestrian/athlete-profile-n1309598-sweetnam-shane.htm,SWEETNAM Shane,Belgium
Israel,../../../en/results/equestrian/horse-nh001403-donatello-141.htm,DONATELLO 141,Equestrian,2011,Gelding,106BK22,Bay,Westfälisches Pferdestammbuch e.V.,RAMIREZ HUGO,,"ASHLEE BOND, LITTLE VALLEY FARMS",,../../../en/results/equestrian/athlete-profile-n1325944-bond-ashlee.htm,BOND Ashlee,Germany
Israel,../../../en/results/equestrian/horse-nh001404-cosa-nostra.htm,COSA NOSTRA,Equestrian,2010,Mare,104ZN43,Black,Verband der Züchter des Oldenburger Pferdes e.V.,MICHAN HALBINGER DANIEL,DANIEL MICHAN HALBINGER,ALBERTO MICHAN,DANIEL MICHAN HALBINGER,../../../en/results/equestrian/athlete-profile-n1325939-michan-alberto.htm,MICHAN Alberto,Germany
Israel,../../../en/results/equestrian/horse-nh001406-amsterdam-27.htm,AMSTERDAM 27,Equestrian,2010,Gelding,105UO47,Dark Bay,Verband der Züchter des Holsteiner Pferdes e.V.,HARDY CASSIE,,"TEDDY VLOCK, VLOCK SHOW STABLES LLC",,../../../en/results/equestrian/athlete-profile-n1330669-vlock-teddy.htm,VLOCK Teddy,Germany
Israel,../../../en/results/equestrian/horse-nh001408-queensland-e.htm,QUEENSLAND E,Equestrian,2009,Stallion,104VI50,Bay,Stud-book Zangersheide,PINA CASTRO ANDRES,ISRAELI EQUESTRIAN PARTNERS,DANI G. WALDMAN,ISRAELI EQUESTRIAN PARTNERS,../../../en/results/equestrian/athlete-profile-n1325950-waldman-dani-g-.htm,WALDMAN Dani G.,Belgium
Jordan,../../../en/results/equestrian/horse-nh001412-blushing.htm,BLUSHING,Equestrian,2011,Gelding,105PI58,Bay,Stud Book du Cheval Selle Français (ANSF),DE LAMOTTE VERONIQUE,,IBRAHIM HANI BISHARAT,,../../../en/results/equestrian/athlete-profile-n1409937-bisharat-ibrahim-hani.htm,BISHARAT Ibrahim Hani,France
Japan,../../../en/results/equestrian/horse-nh001414-chanyon.htm,CHANYON,Equestrian,2008,Gelding,104SJ54,Dark Chestnut,Springpferdezuchtverband Oldenburg-Int. e.V,SCHMID SELINA,PAUL SCHOCKEMOEHLE,JAPAN EQUESTRIAN FEDERATION,PAUL SCHOCKEMOEHLE,../../../en/results/equestrian/athlete-profile-n1312847-fukushima-daisuke.htm,FUKUSHIMA Daisuke,Germany
Japan,../../../en/results/equestrian/horse-nh001415-as-de-mai.htm,AS DE MAI,Equestrian,2010,Gelding,105II27,Chestnut,Stud Book du Cheval Selle Français (ANSF),ALLOUI MOHAMED CHERIF,,NICHIHO THINK TANK CO. LTD,,../../../en/results/equestrian/athlete-profile-n1315020-kawai-mike.htm,KAWAI Mike,France
Japan,../../../en/results/equestrian/horse-nh001416-saphyr-des-lacs.htm,SAPHYR DES LACS,Equestrian,2006,Gelding,103SR10,Grey,Stud Book du Cheval Selle Français (ANSF),DIEKMANN LAURA SOPHIA,,JAPAN EQUESTRIAN FEDERATION,,../../../en/results/equestrian/athlete-profile-n1312845-sato-eiken.htm,SATO Eiken,France
Latvia,../../../en/results/equestrian/horse-nh001423-valour.htm,VALOUR,Equestrian,2010,Gelding,105BQ36,Bay,Westfälisches Pferdestammbuch e.V.,ZARINOVA ANITA,,"FERUZ ABDULLAEV, KN SPORTS SIA",,../../../en/results/equestrian/athlete-profile-n1466938-neretnieks-kristaps.htm,NERETNIEKS Kristaps,Germany
Morocco,../../../en/results/equestrian/horse-nh001425-usa-de-riverland.htm,USA DE RIVERLAND,Equestrian,2008,Stallion,104KL32,Chestnut,Stud Book du Cheval Selle Français (ANSF),HMAIS JILALI,,SOREC,,,,France
Mexico,../../../en/results/equestrian/horse-nh001430-armani-sl-z.htm,ARMANI SL Z,Equestrian,2008,Gelding,104UG97,Grey,Stud-book Zangersheide,GUARNEROS MARCELINO,,"DAVID GARZA, MONICA GARZA",,../../../en/results/equestrian/athlete-profile-n1298570-garza-perez-eugenio.htm,GARZA PEREZ Eugenio,Belgium
Mexico,../../../en/results/equestrian/horse-nh001431-chacna.htm,CHACNA,Equestrian,2007,Mare,104UJ22,Bay,Hannoveraner Verband e. V.,GUARNEROS LUIS,,"ALICE LAWAETZ, ENRIQUE GONZALEZ",,../../../en/results/equestrian/athlete-profile-n1294790-gonzalez-enrique.htm,GONZALEZ Enrique,Germany
Mexico,../../../en/results/equestrian/horse-nh001432-hortensia-van-de-leeuwerk.htm,HORTENSIA VAN DE LEEUWERK,Equestrian,2007,Mare,104SP13,Grey,Belgisch Warmbloedpaard v.z.w.,SARMIENTO LANDA JOSE FANCISCO,,MANUEL GONZALEZ DUFRANE,,../../../en/results/equestrian/athlete-profile-n1298583-gonzalez-dufrane-manuel.htm,GONZALEZ DUFRANE Manuel,Belgium
Mexico,../../../en/results/equestrian/horse-nh001435-babel.htm,BABEL,Equestrian,2007,Gelding,103ZK59,Chestnut,Criadores de Caballos Deportivos Mexiacanos,ORTUNO CELSO,,PATRICIO PASQUEL,,../../../en/results/equestrian/athlete-profile-n1294127-pasquel-patricio.htm,PASQUEL Patricio,Mexico
Netherlands,../../../en/results/equestrian/horse-nh001439-zypria-s.htm,ZYPRIA S,Equestrian,2007,Mare,104MU16,Dark Bay,Verband der Züchter des Holsteiner Pferdes e.V.,GORBING DANIEL,,JULIUS-PETER SINNACK,,../../../en/results/equestrian/athlete-profile-n1466471-greve-willem.htm,GREVE Willem,Germany
Netherlands,../../../en/results/equestrian/horse-nh001440-dante.htm,DANTE,Equestrian,2008,Mare,104GO83,Bay,Koninklijk Warmbloed Paardenstamboek Nederland,BROEK MADELEINE,,STOETERIJ STERREHOF,,../../../en/results/equestrian/athlete-profile-n1466472-houtzager-marc.htm,HOUTZAGER Marc,Netherlands
Netherlands,../../../en/results/equestrian/horse-nh001445-bingo-du-parc.htm,BINGO DU PARC,Equestrian,2011,Gelding,105AQ88,Chestnut,Stud Book du Cheval Selle Français (ANSF),GORANSSON JOSEFINE,,COPERNICUS STABLES LLC,,../../../en/results/equestrian/athlete-profile-n1466476-smolders-harrie.htm,SMOLDERS Harrie,France
Netherlands,../../../en/results/equestrian/horse-nh001447-beauville-z.htm,BEAUVILLE Z,Equestrian,2010,Gelding,105FS95,Bay,Stud-book Zangersheide,KUIJPERS LIANNE,,MARTA ORTEGA PEREZ,,../../../en/results/equestrian/athlete-profile-n1466474-van-der-vleuten-maikel.htm,van der VLEUTEN Maikel,Belgium
Norway,../../../en/results/equestrian/horse-nh001448-quatro.htm,QUATRO,Equestrian,2006,Gelding,103SM54,Bay,Stud-book du Cheval de Selle Luxembourgeois,GULLIKSEN JOHAN-SEBASTIAN,,STALL GULLIK AS,,../../../en/results/equestrian/athlete-profile-n1346291-gulliksen-geir.htm,GULLIKSEN Geir,Netherlands
New Zealand,../../../en/results/equestrian/horse-nh001451-danny-v.htm,DANNY V,Equestrian,2008,Gelding,104XH77,Bay,Koninklijk Warmbloed Paardenstamboek Nederland,FOLKESSON EMELIE,ULRIKA GOODIN,"BACKATORP RYDER AB, BRUCE GOODIN",ULRIKA GOODIN,../../../en/results/equestrian/athlete-profile-n1471177-goodin-bruce.htm,GOODIN Bruce,Netherlands
New Zealand,../../../en/results/equestrian/horse-nh001452-cinca-3.htm,CINCA 3,Equestrian,2009,Mare,105BD74,Grey,Verband der Züchter des Holsteiner Pferdes e.V.,WHITTAKER STEFFI,,"DANIEL MEECH, JOHNSON HORSES GMBH",,../../../en/results/equestrian/athlete-profile-n1471181-meech-daniel.htm,MEECH Daniel,Germany
New Zealand,../../../en/results/equestrian/horse-nh001453-clockwise-of-greenhill-z.htm,CLOCKWISE OF GREENHILL Z,Equestrian,2007,Stallion,103TO46,Grey,Stud-book Zangersheide,RAMIREZ JORGE,UMA O'NEILL,O'NEILL SHOWJUMPING LLC,UMA O'NEILL,../../../en/results/equestrian/athlete-profile-n1471089-o-neill-uma.htm,O'NEILL Uma,Belgium
Portugal,../../../en/results/equestrian/horse-nh001456-vertigo-du-desert.htm,VERTIGO DU DESERT,Equestrian,2009,Gelding,104OQ48,Grey,Stud Book du Cheval Selle Français (ANSF),GUIMARAES ADRIANO,,GROWING LUCIANA DINIZ GMBH,,../../../en/results/equestrian/athlete-profile-n1469201-diniz-luciana.htm,DINIZ Luciana,France
Sri Lanka,../../../en/results/equestrian/horse-nh001457-chopin-va.htm,CHOPIN VA,Equestrian,2009,Stallion,104HS88,Dark Bay,Verband der Züchter des Holsteiner Pferdes e.V.,NIKOLOV NIKOLAY BORISOV,"M. KARLSSON, M. VON ALLWOERDEN",BG KARLSSON U. REINECKE GBR,"M. KARLSSON, M. VON ALLWOERDEN",../../../en/results/equestrian/athlete-profile-n1621515-karlsson-mathilda.htm,KARLSSON Mathilda,Germany
Switzerland,../../../en/results/equestrian/horse-nh001458-twentytwo-des-biches.htm,TWENTYTWO DES BICHES,Equestrian,2007,Mare,103YL87,Chestnut,Stud Book du Cheval Selle Français (ANSF),GUIBLIN MICHE MELUSINE,,CHRISTIANA DUGUET,,../../../en/results/equestrian/athlete-profile-n1465468-balsiger-bryan.htm,BALSIGER Bryan,France
Switzerland,../../../en/results/equestrian/horse-nh001460-clooney-51.htm,CLOONEY 51,Equestrian,2006,Gelding,103YD87,Grey,Westfälisches Pferdestammbuch e.V.,VARD SEAN,,LUIGI BALERI,,../../../en/results/equestrian/athlete-profile-n1465747-fuchs-martin.htm,FUCHS Martin,Germany
Switzerland,../../../en/results/equestrian/horse-nh001462-venard-de-cerisy.htm,VENARD DE CERISY,Equestrian,2009,Gelding,104YN64,Bay,Stud Book du Cheval Selle Français (ANSF),UUSI SIMOLA EMMA,,C.H.C. HORSES SA,,../../../en/results/equestrian/athlete-profile-n1465766-guerdat-steve.htm,GUERDAT Steve,France
Switzerland,../../../en/results/equestrian/horse-nh001464-dsarie.htm,DSARIE,Equestrian,2008,Mare,104OC11,Bay,Koninklijk Warmbloed Paardenstamboek Nederland,KRAEMER JOHANNA,,GRANT ROAD PARTNERS GMBH,,../../../en/results/equestrian/athlete-profile-n1466015-mandli-beat.htm,MANDLI Beat,Netherlands
Sweden,../../../en/results/equestrian/horse-nh001471-indiana.htm,INDIANA,Equestrian,2008,Mare,104NJ55,Bay,Belgisch Warmbloedpaard v.z.w.,ANDERSSON LINA,,STUTERI ARCH,,../../../en/results/equestrian/athlete-profile-n1436075-baryard-johnsson-malin.htm,BARYARD-JOHNSSON Malin,Belgium
Sweden,../../../en/results/equestrian/horse-nh001472-ermindo-w.htm,ERMINDO W,Equestrian,2009,Stallion,104TR38,Bay,Koninklijk Warmbloed Paardenstamboek Nederland,VANTONEN MINNA,STALL BENGTSSON GMBH,NIELSDOTTER AB,STALL BENGTSSON GMBH,../../../en/results/equestrian/athlete-profile-n1436065-bengtsson-rolf-goran.htm,BENGTSSON Rolf-Goran,Netherlands
Sweden,../../../en/results/equestrian/horse-nh001473-all-in.htm,ALL IN,Equestrian,2006,Gelding,103RU78,Bay,"Stud-book sBs, le Cheval de Sport Belge",SVENSSON ALVA,,STUTERI ARCH,,../../../en/results/equestrian/athlete-profile-n1436076-fredricson-peder.htm,FREDRICSON Peder,Netherlands
Sweden,../../../en/results/equestrian/horse-nh001477-king-edward.htm,KING EDWARD,Equestrian,2010,Gelding,105PY55,Chestnut,Belgisch Warmbloedpaard v.z.w.,KARHU TIIA,HENRIK VON ECKERMANN,DUFOUR STABLES AG,HENRIK VON ECKERMANN,../../../en/results/equestrian/athlete-profile-n1436074-von-eckermann-henrik.htm,von ECKERMANN Henrik,Belgium
Syrian Arab Republic,../../../en/results/equestrian/horse-nh001478-deville.htm,DEVILLE,Equestrian,2008,Mare,104LP68,Grey,Koninklijk Warmbloed Paardenstamboek Nederland,ZAIETS OLEKSANDRA,,AHMAD SABER HAMCHO,,../../../en/results/equestrian/athlete-profile-n1378325-hamcho-ahmad-saber.htm,HAMCHO Ahmad Saber,Netherlands
Chinese Taipei,../../../en/results/equestrian/horse-nh001482-benitus-di-vallerano.htm,BENITUS DI VALLERANO,Equestrian,2010,Stallion,105DE54,Bay,Italian Horse Department,RAMIREZ ROSEMBERG CAMILO,,TIE-MIN PIERRE CHEN,,../../../en/results/equestrian/athlete-profile-n1340207-chen-jasmine-shao-man.htm,CHEN Jasmine Shao-Man,Italy
Ukraine,../../../en/results/equestrian/horse-nh001483-casanova-f-z.htm,CASANOVA F Z,Equestrian,2007,Stallion,103XA33,Bay,Stud-book Zangersheide,LOMAKINA MARIIA,,OLEKSANDR PRODAN,,../../../en/results/equestrian/athlete-profile-n1459743-prodan-oleksandr.htm,PRODAN Oleksandr,Belgium
United States of America,../../../en/results/equestrian/horse-nh001485-gazelle.htm,GAZELLE,Equestrian,2006,Mare,103IR57,Bay,Belgisch Warmbloedpaard v.z.w.,MORIARTY DENISE,,"KENT FARRINGTON, ROBIN PARSKY",,../../../en/results/equestrian/athlete-profile-n1460257-farrington-kent.htm,FARRINGTON Kent,Belgium
United States of America,../../../en/results/equestrian/horse-nh001486-baloutinue.htm,BALOUTINUE,Equestrian,2010,Gelding,106DL80,Bay,Hannoveraner Verband e. V.,THOMAS MARGO,,ST. BRIDE'S FARM,,../../../en/results/equestrian/athlete-profile-n1451498-kraut-laura.htm,KRAUT Laura,Germany
United States of America,../../../en/results/equestrian/horse-nh001490-don-juan-van-de-donkhoeve.htm,DON JUAN VAN DE DONKHOEVE,Equestrian,2009,Stallion,104WF23,Bay,"Stud-book sBs, le Cheval de Sport Belge",ELIASSON JOSIE,,STONE HILL FARM,,../../../en/results/equestrian/athlete-profile-n1451492-springsteen-jessica.htm,SPRINGSTEEN Jessica,Belgium
United States of America,../../../en/results/equestrian/horse-nh001492-contagious.htm,CONTAGIOUS,Equestrian,2009,Gelding,104XC63,Chestnut,Deutsches Sportpferd,CASTERMAN VIRGINIE,,BEECHWOOD STABLES LLC,,../../../en/results/equestrian/athlete-profile-n1451510-ward-mclain.htm,WARD McLain,Germany
Australia,../../../en/results/equestrian/horse-nh001496-calanta.htm,CALANTA,Equestrian,2007,Mare,105CI76,Chestnut,Koninklijk Warmbloed Paardenstamboek Nederland,GILL CASEY,,MARY AND ROB HANNAH,,../../../en/results/equestrian/athlete-profile-n1482494-hanna-mary.htm,HANNA Mary,Netherlands
Australia,../../../en/results/equestrian/horse-nh001499-samhitas.htm,SAMHITAS,Equestrian,2009,Gelding,104PD05,Dark Bay,Verband der Züchter des Oldenburger Pferdes e.V.,ISHIKURI SATOMI,,"KELLY LAYNE, NORI MAEZAWA",,../../../en/results/equestrian/athlete-profile-n1482492-layne-kelly.htm,LAYNE Kelly,Germany
Australia,../../../en/results/equestrian/horse-nh001502-destano.htm,DESTANO,Equestrian,2007,Stallion,104YZ00,Black,Hannoveraner Verband e. V.,REUDAVEY EMILY,,"GESTUET SPREHE GMBH, SIMONE PEARCE",,../../../en/results/equestrian/athlete-profile-n1482498-pearce-simone.htm,PEARCE Simone,Germany
Austria,../../../en/results/equestrian/horse-nh001503-fidertraum.htm,FIDERTRAUM,Equestrian,2009,Gelding,105RK08,Bay,Verband der Züchter des Oldenburger Pferdes e.V.,EIGL LUISE,,VERENA BACHER,,../../../en/results/equestrian/athlete-profile-n1337490-bacher-florian.htm,BACHER Florian,Germany
Austria,../../../en/results/equestrian/horse-nh001504-abegglen-nrw.htm,ABEGGLEN NRW,Equestrian,2010,Gelding,106DE76,Dark Bay,Westfälisches Pferdestammbuch e.V.,OLAH JOZSEF,STEFAN LEHFELLNER,"E. MAX-THEURER, GESTUT VORWERK",STEFAN LEHFELLNER,../../../en/results/equestrian/athlete-profile-n1337495-max-theurer-victoria.htm,MAX-THEURER Victoria,Germany
Austria,../../../en/results/equestrian/horse-nh001506-te-quiero-sf.htm,TE QUIERO SF,Equestrian,2011,Gelding,106HV97,Bay,Verband der Züchter des Holsteiner Pferdes e.V.,ARTNER FLORIAN,,FRANZISKA FRIES,,../../../en/results/equestrian/athlete-profile-n1337498-schumach-christian.htm,SCHUMACH Christian,Germany
Belgium,../../../en/results/equestrian/horse-nh001508-intermezzo-van-het-meerda.htm,INTERMEZZO VAN HET MEERDA,Equestrian,2008,Gelding,105DV79,Black,Belgisch Warmbloedpaard v.z.w.,MICHIELS INGE,,STEENO MARC,,../../../en/results/equestrian/athlete-profile-n1881088-michiels-domien.htm,MICHIELS Domien,
Belgium,../../../en/results/equestrian/horse-nh001509-flambeau.htm,FLAMBEAU,Equestrian,2010,Gelding,106TF94,Bay,Koninklijk Warmbloed Paardenstamboek Nederland,NICOLAY MARGAUX,MARIE CHRISTINE PAULUIS,JEAN PAULUIS,MARIE CHRISTINE PAULUIS,../../../en/results/equestrian/athlete-profile-n1881087-pauluis-larissa.htm,PAULUIS Larissa,Netherlands
Belgium,../../../en/results/equestrian/horse-nh001511-dabanos-d-o4.htm,DABANOS D'O4,Equestrian,2003,Gelding,BEL42524,Bay,Belgisch Warmbloedpaard v.z.w.,VERWIMP WIM,,ALEXA FAIRCHILD,,../../../en/results/equestrian/athlete-profile-n1881089-fairchild-alexa.htm,FAIRCHILD Alexa,Belgium
Brazil,../../../en/results/equestrian/horse-nh001513-escorial.htm,ESCORIAL,Equestrian,2009,Stallion,104TQ32,Bay,Assoc. Port. Criadores do Cavalo Puro Sangue Lus.,SOARES LUZ VALDENI,JOAO MANTOVANI NETO,JRME - HORSE CAMPLINE LDA.,JOAO MANTOVANI NETO,../../../en/results/equestrian/athlete-profile-n1357068-marcari-oliva-joao-victor.htm,MARCARI OLIVA Joao Victor,Portugal
Canada,../../../en/results/equestrian/horse-nh001515-all-in.htm,ALL IN,Equestrian,2005,Gelding,103CI17,Dark Chestnut,Koninklijk Warmbloed Paardenstamboek Nederland,HESS KATHERINE,MARC-ANDRE BEAULIEU,BRITTANY FRASER,MARC-ANDRE BEAULIEU,../../../en/results/equestrian/athlete-profile-n1429687-fraser-beaulieu-brittany.htm,FRASER-BEAULIEU Brittany,Netherlands
Canada,../../../en/results/equestrian/horse-nh001516-sebastien.htm,SEBASTIEN,Equestrian,2006,Gelding,104GC07,Bay,Rheinisches Pferdestammbuch e.V.,DONOVAN MEGHAN,,"ENTERPRISE FARM EQUESTRIAN, LLC",,../../../en/results/equestrian/athlete-profile-n1429689-kellock-lindsay.htm,KELLOCK Lindsay,Germany
Canada,../../../en/results/equestrian/horse-nh001517-eclips.htm,ECLIPS,Equestrian,2009,Gelding,106SJ68,Black,Koninklijk Warmbloed Paardenstamboek Nederland,BEAULIEU HANNAH,CHRIS VON MARTELS,BARBARA SOEDERHUIZEN,CHRIS VON MARTELS,../../../en/results/equestrian/athlete-profile-n1429683-von-martels-chris.htm,von MARTELS Chris,Netherlands
Chile,../../../en/results/equestrian/horse-nh001520-ronaldo.htm,RONALDO,Equestrian,2006,Gelding,104AV38,Bay,Danish Warmblood Society,PINTO LUIS ANTONIO,ANA MARIA ECHEVERRIA LIGUEROS,VIRGINIA YARUR,ANA MARIA ECHEVERRIA LIGUEROS,../../../en/results/equestrian/athlete-profile-n1320374-yarur-virginia.htm,YARUR Virginia,Denmark
Denmark,../../../en/results/equestrian/horse-nh001521-bohemian.htm,BOHEMIAN,Equestrian,2010,Gelding,105HB71,Dark Chestnut,Westfälisches Pferdestammbuch e.V.,OLLING EMILIE,,ABILDGAARD EQUESTRIAN APS,,../../../en/results/equestrian/athlete-profile-n1447623-dufour-cathrine.htm,DUFOUR Cathrine,Germany
Denmark,../../../en/results/equestrian/horse-nh001522-zack.htm,ZACK,Equestrian,2004,Stallion,104KR71,Bay,Koninklijk Warmbloed Paardenstamboek Nederland,ELLEN GLINVAD NIELSEN,,BLUE HORS APS,,../../../en/results/equestrian/athlete-profile-n1390796-merrald-nanna-skodborg.htm,MERRALD Nanna Skodborg,Netherlands
Denmark,../../../en/results/equestrian/horse-nh001523-heiline-s-danciera.htm,HEILINE'S DANCIERA,Equestrian,2011,Mare,105GZ66,Black,Danish Warmblood Society,,,POUL THOGERSEN,,../../../en/results/equestrian/athlete-profile-n1390793-kruth-carina-cassoe.htm,KRUTH Carina Cassoe,Denmark
Denmark,../../../en/results/equestrian/horse-nh001525-bufranco.htm,BUFRANCO,Equestrian,2006,Gelding,104UE84,Bay,Koninklijk Warmbloed Paardenstamboek Nederland,BENGTSEN FREDERIKKE BJOERNBIRK,,ASPEGAARDEN V/NIELS HEERING,,../../../en/results/equestrian/athlete-profile-n1390795-heering-charlotte.htm,HEERING Charlotte,Netherlands
Denmark,../../../en/results/equestrian/horse-nh001526-vamos-amigos.htm,VAMOS AMIGOS,Equestrian,2012,Gelding,106IM83,Bay,Westfälisches Pferdestammbuch e.V.,,,"SARAH PIDGLEY, CATHRINE DUFOUR",,,,Netherlands
Denmark,../../../en/results/equestrian/horse-nh001527-atterupgaards-orthilia.htm,ATTERUPGAARDS ORTHILIA,Equestrian,2005,Mare,103XJ10,Bay,Verband der Züchter des Oldenburger Pferdes e.V.,,,BLUE HORS APS,,,,Germany
Denmark,../../../en/results/equestrian/horse-nh001528-atterupgaards-cassidy.htm,ATTERUPGAARDS CASSIDY,Equestrian,2003,Gelding,DEN40739,Chestnut,Danish Warmblood Society,,,DUFOUR FAMILY V/PETER DUFOUR,,,,Denmark
Dominican Republic,../../../en/results/equestrian/horse-nh001529-aquamarijn.htm,AQUAMARIJN,Equestrian,2005,Mare,104VM13,Bay,Koninklijk Warmbloed Paardenstamboek Nederland,BOULLON CARLOS,SYLVIA INES MUNIZ LOSOS,YVONNE LOSOS DE MUNIZ,SYLVIA INES MUNIZ LOSOS,../../../en/results/equestrian/athlete-profile-n1381597-losos-de-muniz-yvonne.htm,LOSOS de MUNIZ Yvonne,Netherlands
Spain,../../../en/results/equestrian/horse-nh001531-alcaide.htm,ALCAIDE,Equestrian,2005,Stallion,103DW31,Chestnut,Assoc. Port. Criadores do Cavalo Puro Sangue Lus.,LLARGUES RAMONEDA Pere,,,,,,
Spain,../../../en/results/equestrian/horse-nh001532-divina-royal.htm,DIVINA ROYAL,Equestrian,2010,Mare,104UX85,Chestnut,Hannoveraner Verband e. V.,CATALINA MENA CARRASCO,,JOSE IGNACIO DIAZ BRAVO,,../../../en/results/equestrian/athlete-profile-n1358981-garcia-mena-jose-antonio.htm,GARCIA MENA Jose Antonio,Spain
Spain,../../../en/results/equestrian/horse-nh001533-fendi-t.htm,FENDI T,Equestrian,2010,Gelding,105HC82,Chestnut,Koninklijk Warmbloed Paardenstamboek Nederland,CLAUSEN LINE THEPSTRUP,VAN OLST HORSES,SEVERO  JURADO LOPEZ,VAN OLST HORSES,../../../en/results/equestrian/athlete-profile-n1358983-jurado-lopez-severo.htm,JURADO LOPEZ Severo,Netherlands
Spain,../../../en/results/equestrian/horse-nh001535-sorento-15.htm,SORENTO 15,Equestrian,2007,Gelding,103UX74,Chestnut,Westfälisches Pferdestammbuch e.V.,ENRIQUE MATEOS VICTOR,,CATALINA MENA CARRASCO,,../../../en/results/equestrian/athlete-profile-n1358981-garcia-mena-jose-antonio.htm,GARCIA MENA Jose Antonio,Germany
Estonia,../../../en/results/equestrian/horse-nh001536-donna-anna.htm,DONNA ANNA,Equestrian,2008,Mare,103YA94,Chestnut,Estonian Sport Horse Breeders Society,ARGUS SIRJE,,"DINA ELLERMANN, LTD. ELLERMANN",,../../../en/results/equestrian/athlete-profile-n1476546-ellermann-dina.htm,ELLERMANN Dina,Estonia
France,../../../en/results/equestrian/horse-nh001537-zo-what.htm,ZO WHAT,Equestrian,2004,Gelding,105JS41,Dark Chestnut,Koninklijk Warmbloed Paardenstamboek Nederland,GUSEVA OLGA,ABDULKARIM BARAKE,ALEXANDRE AYACHE,ABDULKARIM BARAKE,../../../en/results/equestrian/athlete-profile-n1350483-ayache-alexandre.htm,AYACHE Alexandre,Netherlands
France,../../../en/results/equestrian/horse-nh001538-sir-donnerhall-ii-old.htm,SIR DONNERHALL II OLD,Equestrian,2006,Stallion,103RO36,Dark Bay,Verband der Züchter des Oldenburger Pferdes e.V.,CHARLES MANGEON SALOME,MARIE CARMEN MESTRE PONS,MORGAN BARBANCON MESTRE,MARIE CARMEN MESTRE PONS,../../../en/results/equestrian/athlete-profile-n1350484-barbancon-morgan.htm,BARBANCON Morgan,Germany
France,../../../en/results/equestrian/horse-nh001539-cupido-pb.htm,CUPIDO PB,Equestrian,2007,Stallion,105XW20,Black,Koninklijk Warmbloed Paardenstamboek Nederland,CLAIR JEAN MARIE,,CELINE ROZE,,../../../en/results/equestrian/athlete-profile-n1350494-collard-maxime.htm,COLLARD Maxime,Netherlands
France,../../../en/results/equestrian/horse-nh001540-hot-chocolat-vd-kwaplas.htm,HOT CHOCOLAT VD KWAPLAS,Equestrian,2007,Gelding,105OY87,Dark Bay,Belgisch Warmbloedpaard v.z.w.,DUBLE LUCIE,SCEA HARAS DE LA GESSE,CARLOS PINTO,SCEA HARAS DE LA GESSE,../../../en/results/equestrian/athlete-profile-n1350505-pinto-isabelle.htm,PINTO Isabelle,Belgium
Great Britain,../../../en/results/equestrian/horse-nh001550-everdale.htm,EVERDALE,Equestrian,2009,Stallion,105OB61,Black,Koninklijk Warmbloed Paardenstamboek Nederland,CALEY STEVEN,,"CHARLOTTE FRY, VAN OLST HORSES",,../../../en/results/equestrian/athlete-profile-n1478360-fry-charlotte.htm,FRY Charlotte,Netherlands
Great Britain,../../../en/results/equestrian/horse-nh001551-en-vogue.htm,EN VOGUE,Equestrian,2009,Gelding,105WK08,Bay,Koninklijk Warmbloed Paardenstamboek Nederland,SCUDAMORE LUCY,"CARL HESTER, SANDRA BIDDLECOMBE","CHARLOTTE DUJARDIN, LADY ANNE EVANS","CARL HESTER, SANDRA BIDDLECOMBE",../../../en/results/equestrian/athlete-profile-n1478364-hester-carl.htm,HESTER Carl,Netherlands
Great Britain,../../../en/results/equestrian/horse-nh001552-sintano-van-hof-olympia.htm,SINTANO VAN HOF OLYMPIA,Equestrian,2010,Gelding,106NP88,Bay,Verband der Züchter des Oldenburger Pferdes e.V.,STEPHANIE SHARPLES,JUDY FIRMSTON WILLIAMS,GARETH HUGHES,JUDY FIRMSTON WILLIAMS,../../../en/results/equestrian/athlete-profile-n1478369-hughes-gareth.htm,HUGHES Gareth,Netherlands
Great Britain,../../../en/results/equestrian/horse-nh001555-gio.htm,GIO,Equestrian,2011,Gelding,106GY48,Chestnut,Koninklijk Warmbloed Paardenstamboek Nederland,DAVIES ALAN,CARL HESTER,"CHARLOTTE DUJARDIN, RENAI HART",CARL HESTER,../../../en/results/equestrian/athlete-profile-n1478357-dujardin-charlotte.htm,DUJARDIN Charlotte,Netherlands
Germany,../../../en/results/equestrian/horse-nh001558-tsf-dalera.htm,TSF DALERA,Equestrian,2007,Mare,105AH62,Dark Bay,Verband der Züchter und Freunde des Ostpr.  e.V.,KALLMUENZER PAULA,MAX VON BREDOW,BEATRICE A. BUERCHLER-KELLER,MAX VON BREDOW,../../../en/results/equestrian/athlete-profile-n1346439-von-bredow-werndl-jessica.htm,von BREDOW-WERNDL Jessica,Germany
Germany,../../../en/results/equestrian/horse-nh001559-annabelle-110.htm,ANNABELLE 110,Equestrian,2008,Mare,105ED34,Bay,Verband der Züchter des Holsteiner Pferdes e.V.,BERGER ANN-CHRISTIN,CARSTEN THIESING,"FIELMANN, GUENTHER",CARSTEN THIESING,../../../en/results/equestrian/athlete-profile-n1346440-langehanenberg-helen.htm,LANGEHANENBERG Helen,Germany
Germany,../../../en/results/equestrian/horse-nh001560-showtime-frh.htm,SHOWTIME FRH,Equestrian,2006,Gelding,103HX90,Dark Bay,Hannoveraner Verband e. V.,RATHJENS JOANA,JOBST KRUMHOFF,"EVA-MARIA MANN, GABRIELE KIPPERT",JOBST KRUMHOFF,../../../en/results/equestrian/athlete-profile-n1346443-schneider-dorothee.htm,SCHNEIDER Dorothee,Germany
Germany,../../../en/results/equestrian/horse-nh001564-bella-rose-2.htm,BELLA ROSE 2,Equestrian,2004,Mare,103CM31,Chestnut,Westfälisches Pferdestammbuch e.V.,WIEGARD STEFANIE,,"WINTER-SCHULZE, MADELEINE",,../../../en/results/equestrian/athlete-profile-n1346444-werth-isabell.htm,WERTH Isabell,Germany
Italy,../../../en/results/equestrian/horse-nh001568-wispering-romance.htm,WISPERING ROMANCE,Equestrian,2003,Mare,105NI17,Bay,Hannoveraner Verband e. V.,PAPETTI MARZIA CINZIA,,"RAIMONDO BOZZETTI, MARCO MONTOSI",,../../../en/results/equestrian/athlete-profile-n1819294-zaza-francesco.htm,ZAZA Francesco,Germany
Japan,../../../en/results/equestrian/horse-nh001570-scolari-4.htm,SCOLARI 4,Equestrian,2005,Gelding,104UB54,Bay,Hannoveraner Verband e. V.,TAKADA MARIA,,TSUNEHIRO SHIMODA,,../../../en/results/equestrian/athlete-profile-n1315016-hayashi-shingo.htm,HAYASHI Shingo,Germany
Japan,../../../en/results/equestrian/horse-nh001571-huracan-10.htm,HURACAN 10,Equestrian,2008,Gelding,105OL40,Dark Bay,Danish Warmblood Society,NUUTILAINEN EERIKA SOFIA,,JAPAN RACING ASSOCIATION,,../../../en/results/equestrian/athlete-profile-n1313157-kitahara-hiroyuki.htm,KITAHARA Hiroyuki,Denmark
Japan,../../../en/results/equestrian/horse-nh001572-rubicon.htm,RUBICON,Equestrian,2003,Gelding,103CO27,Bay,Rheinisches Pferdestammbuch e.V.,KURODA RYUNOSUKE,,UNITECHNO INC,,../../../en/results/equestrian/athlete-profile-n1285082-takahashi-masanao.htm,TAKAHASHI Masanao,Germany
Republic of Korea,../../../en/results/equestrian/horse-nh001577-belstaff.htm,BELSTAFF,Equestrian,2007,Gelding,104UJ68,Bay,Hannoveraner Verband e. V.,AN GYUCHAN,,DONG SEON KIM,,../../../en/results/equestrian/athlete-profile-n1408348-kim-dong-seon.htm,KIM Dong Seon,Germany
Luxembourg,../../../en/results/equestrian/horse-nh001579-quater-back-junior-frh.htm,QUATER BACK JUNIOR FRH,Equestrian,2009,Gelding,104IN23,Chestnut,Hannoveraner Verband e. V.,BUETTNER PETRA,N.WAGNER,SOC.HIPPIQUE ET D'ELEVAGE S.A.,N.WAGNER,../../../en/results/equestrian/athlete-profile-n1379461-wagner-ehlinger-nicolas.htm,WAGNER EHLINGER Nicolas,Germany
Morocco,../../../en/results/equestrian/horse-nh001580-all-at-once.htm,ALL AT ONCE,Equestrian,2010,Stallion,104VZ61,Black,Koninklijk Warmbloed Paardenstamboek Nederland,GEERTS JOY,,"STAL 104 BV, YESSIN RAHMOUNI",,../../../en/results/equestrian/athlete-profile-n1433064-rahmouni-yessin.htm,RAHMOUNI Yessin,Netherlands
Netherlands,../../../en/results/equestrian/horse-nh001584-total-us.htm,TOTAL US,Equestrian,2012,Stallion,105QI58,Black,Hannoveraner Verband e. V.,RUITER VANESSA,,GLOCK HPC NL B.V.,,../../../en/results/equestrian/athlete-profile-n1466456-gal-edward.htm,GAL Edward,Germany
Netherlands,../../../en/results/equestrian/horse-nh001586-haute-couture.htm,HAUTE COUTURE,Equestrian,2012,Mare,105SD77,Dark Bay,Koninklijk Warmbloed Paardenstamboek Nederland,VAN DE STARRE ROBIN,,J.M.M.M. V.UYTERT AND A.J.C. DROST,,../../../en/results/equestrian/athlete-profile-n1743829-van-liere-dinja.htm,van LIERE Dinja,Netherlands
Netherlands,../../../en/results/equestrian/horse-nh001587-dream-boy.htm,DREAM BOY,Equestrian,2008,Stallion,104BI66,Black,Koninklijk Warmbloed Paardenstamboek Nederland,VISSER ANNA,,"GLOCK HPC NL, STAL BRINKMAN V.O.F.",,../../../en/results/equestrian/athlete-profile-n1466458-minderhoud-hans-peter.htm,MINDERHOUD Hans Peter,Netherlands
Portugal,../../../en/results/equestrian/horse-nh001591-equador.htm,EQUADOR,Equestrian,2009,Stallion,104YR24,Bay,Assoc. Port. Criadores do Cavalo Puro Sangue Lus.,LIMA MAYER DIOGO,,"EQUADOR MVL, LDA.",,../../../en/results/equestrian/athlete-profile-n1469195-torrao-joao-miguel.htm,TORRAO Joao Miguel,Portugal
Portugal,../../../en/results/equestrian/horse-nh001592-fenix-de-tineo.htm,FENIX DE TINEO,Equestrian,2010,Stallion,104QQ72,Bay,Assoc. Port. Criadores do Cavalo Puro Sangue Lus.,OLIVEIRA CAROLINA,,"YEGUADA FINCA TINEO, LDA",,../../../en/results/equestrian/athlete-profile-n1469199-caetano-maria.htm,CAETANO Maria,Spain
Portugal,../../../en/results/equestrian/horse-nh001593-fogoso.htm,FOGOSO,Equestrian,2010,Stallion,105NX97,Grey,Assoc. Port. Criadores do Cavalo Puro Sangue Lus.,ASSUNCAO DIOGO,,RODRIGO TORRES,,../../../en/results/equestrian/athlete-profile-n1469198-torres-rodrigo.htm,TORRES Rodrigo,Portugal
Singapore,../../../en/results/equestrian/horse-nh001604-tribiani.htm,TRIBIANI,Equestrian,2004,Gelding,104TL84,Chestnut,Norwegian Warmblood Association,STEPHENS RACHEL,,"MELANIE CHEW, TONY CHEW",,../../../en/results/equestrian/athlete-profile-n1863667-chew-caroline.htm,CHEW Caroline,Norway
Switzerland,../../../en/results/equestrian/horse-nh001605-west-side-story-old.htm,WEST SIDE STORY OLD,Equestrian,2008,Mare,104XN48,Black,Verband der Züchter des Oldenburger Pferdes e.V.,BESNARD MARINE,,WETTSTEIN MARIE-LINE,,../../../en/results/equestrian/athlete-profile-n1466423-wettstein-estelle.htm,WETTSTEIN Estelle,Germany
Sweden,../../../en/results/equestrian/horse-nh001607-well-done-de-la-roche-cmf.htm,WELL DONE DE LA ROCHE CMF,Equestrian,2008,Mare,104ZW30,Bay,Zuchtverband CH-Sportpferde ZVCH Swiss Warmblood,JOHANSSON MARIE,"MURIEL PERRET, PATRIK KITTEL","BRIGITTE BIGAR, FRANCOISE TREMBLEY","MURIEL PERRET, PATRIK KITTEL",../../../en/results/equestrian/athlete-profile-n1436069-kittel-patrik.htm,KITTEL Patrik,Switzerland
Sweden,../../../en/results/equestrian/horse-nh001608-dante-weltino-old.htm,DANTE WELTINO OLD,Equestrian,2007,Stallion,104VX30,Black,Verband der Züchter des Oldenburger Pferdes e.V.,ULRICH SEBASTIAN,T. NILSHAGEN,DRESSURPFERDE LEISTUNGSZ,T. NILSHAGEN,../../../en/results/equestrian/athlete-profile-n1436070-nilshagen-therese.htm,NILSHAGEN Therese,Germany
Sweden,../../../en/results/equestrian/horse-nh001609-buriel-k-h-.htm,BURIEL K.H.,Equestrian,2006,Gelding,104EF70,Dark Chestnut,Koninklijk Warmbloed Paardenstamboek Nederland,VERWOERD LINDA,,LA POMME HB,,../../../en/results/equestrian/athlete-profile-n1436068-ramel-juliette.htm,RAMEL Juliette,Netherlands
Sweden,../../../en/results/equestrian/horse-nh001610-brother-de-jeu.htm,BROTHER DE JEU,Equestrian,2006,Gelding,105EH24,Black,Koninklijk Warmbloed Paardenstamboek Nederland,BEVERLEY ANNA,,LA POMME HB,,../../../en/results/equestrian/athlete-profile-n1436067-ramel-antonia.htm,RAMEL Antonia,Netherlands
Ukraine,../../../en/results/equestrian/horse-nh001613-fleraro.htm,FLERARO,Equestrian,2003,Gelding,104CZ13,Bay,Danish Warmblood Society,EVELIN RATTUS,,LLC VIAN GROUP,,../../../en/results/equestrian/athlete-profile-n1459742-logutenkova-inna.htm,LOGUTENKOVA Inna,Denmark
United States of America,../../../en/results/equestrian/horse-nh001617-salvino.htm,SALVINO,Equestrian,2007,Stallion,103LR77,Dark Bay,Hannoveraner Verband e. V.,KLINGENSMITH MORGAN,,BETSY JULIANO LLC,,../../../en/results/equestrian/athlete-profile-n1451463-lyle-adrienne.htm,LYLE Adrienne,Germany
United States of America,../../../en/results/equestrian/horse-nh001619-suppenkasper.htm,SUPPENKASPER,Equestrian,2008,Gelding,105DN05,Bay,Koninklijk Warmbloed Paardenstamboek Nederland,GARCIA LUNA JOSE,,"AKIKO YAMAZAKI, FOUR WINDS FARM",,../../../en/results/equestrian/athlete-profile-n1451526-peters-steffen.htm,PETERS Steffen,Netherlands
United States of America,../../../en/results/equestrian/horse-nh001620-sanceo.htm,SANCEO,Equestrian,2006,Stallion,103NK42,Dark Bay,Hannoveraner Verband e. V.,ERICKSON CHRISTIE,,ALICE WOMBLE,,../../../en/results/equestrian/athlete-profile-n1451517-schut-kery-sabine.htm,SCHUT-KERY Sabine,Germany
United States of America,../../../en/results/equestrian/horse-nh001622-don-john.htm,DON JOHN,Equestrian,2008,Gelding,104AK03,Bay,Koninklijk Warmbloed Paardenstamboek Nederland,ALANIZ VIERA JOSE ANGEL,,BEVERLY JEAN GEPFER,,../../../en/results/equestrian/athlete-profile-n1451485-wagman-nick.htm,WAGMAN Nick,Netherlands
Brazil,../../../en/results/equestrian/horse-nh001626-goliath.htm,GOLIATH,Equestrian,2011,Gelding,105QC24,Chestnut,Koninklijk Warmbloed Paardenstamboek Nederland,CHANTAL SOPHIE CHANTAL,,"CARLOS PARRO, EMTEC LABORATORIES",,../../../en/results/equestrian/athlete-profile-n1357057-parro-carlos.htm,PARRO Carlos,Netherlands
Denmark,../../../en/results/equestrian/horse-nh001627-fascination.htm,FASCINATION,Equestrian,2011,Gelding,105SJ87,Bay,Danish Warmblood Society,ANNE FLARUP,VICTORIA ULRIKKE HJORTNAES,PETER T. FLARUP,VICTORIA ULRIKKE HJORTNAES,../../../en/results/equestrian/athlete-profile-n1390788-flarup-peter-t-.htm,FLARUP Peter T.,
Great Britain,../../../en/results/equestrian/horse-nh001630-ballaghmor-class.htm,BALLAGHMOR CLASS,Equestrian,2007,Gelding,104BY62,Grey,Irish Sport Horse Studbook,MCKIE JESS,VAL RYAN,"KARYN SHUTER, ANGELA HISLOP",VAL RYAN,../../../en/results/equestrian/athlete-profile-n1478830-townend-oliver.htm,TOWNEND Oliver,Ireland
"Hong Kong, China",../../../en/results/equestrian/horse-nh001631-tayberry.htm,TAYBERRY,Equestrian,2001,Gelding,102ZT90,Bay,Belgisch Warmbloedpaard v.z.w.,WAY MELANIE JANE,,"IRENE HO, MIRANDA RAUIS",,../../../en/results/equestrian/athlete-profile-n1402039-ho-thomas-heffernan.htm,HO Thomas Heffernan,Belgium
Ireland,../../../en/results/equestrian/horse-nh001632-woodcourt-garrison.htm,WOODCOURT GARRISON,Equestrian,2009,Gelding,104TB94,Bay,Irish Sport Horse Studbook,CANNON AILSA-JANE,,BREDA KENNEDY,,../../../en/results/equestrian/athlete-profile-n1291029-ennis-sarah.htm,ENNIS Sarah,Ireland
Ireland,../../../en/results/equestrian/horse-nh001633-flamenco.htm,FLAMENCO,Equestrian,2009,Gelding,104ST48,Dun,Irish Sport Horse Studbook,WATSON HANNA,,VAHE BOGOSSIAN,,../../../en/results/equestrian/athlete-profile-n1281917-watson-sam.htm,WATSON Sam,Ireland
Italy,../../../en/results/equestrian/horse-nh001635-super-cillious.htm,SUPER CILLIOUS,Equestrian,2009,Gelding,104YH70,Bay,Sport Horse Breeding of Great Britain,KETCHER MIA SOPHIE,"SARAH BULLEN, VITTORIA PANIZZON","DEBORAH BEVAN, JULIET DONALD","SARAH BULLEN, VITTORIA PANIZZON",../../../en/results/equestrian/athlete-profile-n1414732-panizzon-vittoria.htm,PANIZZON Vittoria,Great Britain
Switzerland,../../../en/results/equestrian/horse-nh001638-jet-set.htm,JET SET,Equestrian,2007,Gelding,103LJ07,Bay,Caballo de Deporte Espanol,FAVRE NADIA,OLIVIA SELLAR,JEAN-JACQUES FUENFSCHILLING,OLIVIA SELLAR,../../../en/results/equestrian/athlete-profile-n1465760-godel-robin.htm,GODEL Robin,Spain
Italy,../../../en/results/equestrian/horse-nh001645-chalou.htm,CHALOU,Equestrian,2009,Stallion,104MK27,Chestnut,Springpferdezuchtverband Oldenburg-Int. e.V,FIGUERAS HOMEDES JUDITH,GAUDIANO SPORTHORSES S.R.L.,EQUITA KFT,GAUDIANO SPORTHORSES S.R.L.,../../../en/results/equestrian/athlete-profile-n1414724-gaudiano-emanuele.htm,GAUDIANO Emanuele,Germany
Japan,../../../en/results/equestrian/horse-nh001646-chilensky.htm,CHILENSKY,Equestrian,2009,Stallion,105WM39,Grey,Springpferdezuchtverband Oldenburg-Int. e.V,FIGUERAS HOMEDES JUDITH,PAUL SCHOCKEMOEHLE,JAPAN EQUESTRIAN FEDERATION,PAUL SCHOCKEMOEHLE,../../../en/results/equestrian/athlete-profile-n1312848-saito-koki.htm,SAITO Koki,Germany
Morocco,../../../en/results/equestrian/horse-nh001649-istanbull-v-h-ooievaarsho.htm,ISTANBULL V.H OOIEVAARSHO,Equestrian,2008,Stallion,104GR42,Bay,Belgisch Warmbloedpaard v.z.w.,HETSCH JULIE,,SM LE ROI MOHAMMED VI,,../../../en/results/equestrian/athlete-profile-n1433030-ouaddar-abdelkebir.htm,OUADDAR Abdelkebir,
Belgium,../../../en/results/equestrian/horse-nh001653-fil-rouge.htm,FIL ROUGE,Equestrian,2005,Stallion,102NO69,Dark Bay,Belgisch Warmbloedpaard v.z.w.,ROOS ETIENNE,,LAURENCE ROOS,,../../../en/results/equestrian/athlete-profile-n1393567-roos-laurence.htm,ROOS Laurence,Belgium
Canada,../../../en/results/equestrian/horse-nh001655-statesman.htm,STATESMAN,Equestrian,2007,Gelding,103XJ43,Bay,Hannoveraner Verband e. V.,THIBAULT CORALINE,,KML INC,,../../../en/results/equestrian/athlete-profile-n1429704-moreira-laliberte-naima.htm,MOREIRA LALIBERTE Naima,
Finland,../../../en/results/equestrian/horse-nh001663-kontestro-db.htm,KONTESTRO DB,Equestrian,2010,Gelding,106ON70,Dark Bay,Belgisch Warmbloedpaard v.z.w.,LILJESTROEM SARA,HENRI RUOSTE,"CONQUESTREAN JEA, EQUECO GMBH",HENRI RUOSTE,../../../en/results/equestrian/athlete-profile-n1330919-ruoste-henri.htm,RUOSTE Henri,
Japan,../../../en/results/equestrian/horse-nh001665-ludwig-der-sonnenkoenig-2.htm,LUDWIG DER SONNENKOENIG 2,Equestrian,2006,Stallion,105VE34,Chestnut,Verband der Züchter des Oldenburger Pferdes e.V.,BLOM HANNA LISA,JAPAN RACING ASSOCIATION,HELGSTRAND DRESSAGE A/S,JAPAN RACING ASSOCIATION,../../../en/results/equestrian/athlete-profile-n1312841-sado-kazuki.htm,SADO Kazuki,Germany
Mexico,../../../en/results/equestrian/horse-nh001667-beduino-lam.htm,BEDUINO LAM,Equestrian,2006,Stallion,105LB81,Dark Chestnut,Assoc. Port. Criadores do Cavalo Puro Sangue Lus.,DONIZ JOSE,,JUAN JOSE DEL VALLE ALVARADO,,../../../en/results/equestrian/athlete-profile-n1296196-del-valle-quirarte-martha-fernanda.htm,del VALLE QUIRARTE Martha Fernanda,Mexico
Netherlands,../../../en/results/equestrian/horse-nh001668-go-legend.htm,GO LEGEND,Equestrian,2011,Gelding,106AN46,Black,Koninklijk Warmbloed Paardenstamboek Nederland,SCHALEKAMP ANNE,,DRESSUURSTAL VAN BAALEN B.V.,,../../../en/results/equestrian/athlete-profile-n1478031-van-baalen-marlies.htm,van BAALEN Marlies,Netherlands
Portugal,../../../en/results/equestrian/horse-nh001669-sultao-menezes.htm,SULTAO MENEZES,Equestrian,2006,Gelding,105PC84,Grey,Assoc. Port. Criadores do Cavalo Puro Sangue Lus.,ASSUNCAO DIOGO,,SCEA HARAS DE LA GESSE,,../../../en/results/equestrian/athlete-profile-n1469194-pinto-carlos.htm,PINTO Carlos,France
Morocco,../../../en/results/equestrian/horse-nh001673-ugolino-du-clos.htm,UGOLINO DU CLOS,Equestrian,2008,Stallion,104JD81,Bay,Stud Book du Cheval Selle Français (ANSF),BELKATTAA LARBI,,MOULAY ABDELLAH ALAOUI,,../../../en/results/equestrian/athlete-profile-n1432705-boukaa-el-ghali.htm,BOUKAA El Ghali,France
,../../../en/results/equestrian/horse-nh001674-mister-x.htm,MISTER X,Equestrian,2004,Gelding,102YZ81,Dark Bay,Verband der Züchter und Freunde des Ostpr.  e.V.,ANATOLY MERKULOV,,ANATOLY MERKULOV,,../../../en/results/equestrian/athlete-profile-n1434891-merkulova-inessa.htm,MERKULOVA Inessa,Russian Federation
,../../../en/results/equestrian/horse-nh001675-bojengels.htm,BOJENGELS,Equestrian,2006,Gelding,104KM49,Chestnut,Koninklijk Warmbloed Paardenstamboek Nederland,,,ALEKSANDRA MAKSAKOVA,,../../../en/results/equestrian/athlete-profile-n1434886-maksakova-aleksandra.htm,MAKSAKOVA Aleksandra,Netherlands
,../../../en/results/equestrian/horse-nh001676-diavolessa-va.htm,DIAVOLESSA VA,Equestrian,2008,Mare,105AQ96,Dark Bay,Hannoveraner Verband e. V.,ALINA WIPPICH,,"TATYANA KOSTERINA, GISELA VON ALVEN",,../../../en/results/equestrian/athlete-profile-n1434887-kosterina-tatyana.htm,KOSTERINA Tatyana,Germany
,../../../en/results/equestrian/horse-nh001680-gurza.htm,GURZA,Equestrian,2007,Mare,104BO06,Chestnut,Verband der Züchter und Freunde des Ostpr.  e.V.,ELENA MITINA,,"ANDREY MITIN, FERDINAND KIBIZOV",,../../../en/results/equestrian/athlete-profile-n1434900-mitin-andrey.htm,MITIN Andrey,Russian Federation
,../../../en/results/equestrian/horse-nh001681-mp-imagine-if.htm,MP IMAGINE IF,Equestrian,2011,Mare,105ON38,Bay,Irish Sport Horse Studbook,JOHANNES RUEBEN,,"GURA, TATYANA",,../../../en/results/equestrian/athlete-profile-n1434901-nastenko-mikhail.htm,NASTENKO Mikhail,
Spain,../../../en/results/equestrian/horse-nh001682-elegance.htm,ELEGANCE,Equestrian,2009,Gelding,104FX51,Bay,Koninklijk Warmbloed Paardenstamboek Nederland,DRAGT ANNA CLAZINA,,DELIBER S.L.,,../../../en/results/equestrian/athlete-profile-n1358980-ferrer-salat-beatriz.htm,FERRER-SALAT Beatriz,Netherlands
Ireland,../../../en/results/equestrian/horse-nh001683-sambuca.htm,SAMBUCA,Equestrian,2009,Mare,106DP22,Dark Bay,Other,KIRBY FRASER,,"JAKE BELL, WILLIAM BELL",,../../../en/results/equestrian/athlete-profile-n1281899-holstein-heike.htm,HOLSTEIN Heike,Ireland
,../../../en/results/equestrian/horse-nh001696-famous-cross.htm,FAMOUS CROSS,Equestrian,2010,Gelding,106PS87,Chestnut,Koninklijk Warmbloed Paardenstamboek Nederland,ALEXEY KOLEMASOV,,"MARIA SHUVALOVA, DIANA ILYUMZHINOVA",,../../../en/results/equestrian/athlete-profile-n1434896-shuvalova-maria.htm,SHUVALOVA Maria,Netherlands
New Zealand,../../../en/results/equestrian/horse-nh001847-popeye.htm,POPEYE,Equestrian,2010,Gelding,106GT46,Grey,Other,SCHMIDT EMILIA,,"LUCIA VOSS, TOM TARVER - PRIEBE",,../../../en/results/equestrian/athlete-profile-n1471182-tarver-priebe-tom.htm,TARVER-PRIEBE Tom,New Zealand
Brazil,../../../en/results/equestrian/horse-nh001848-quabri-de-l-isle.htm,QUABRI DE L ISLE,Equestrian,2004,Stallion,102XB32,Chestnut,Stud Book du Cheval Selle Français (ANSF),PIRES FERREIRA LUIS,L. ROTLLANT DAURELLA,"C. VENISS, C. DAURELLA DE AGUILERA",L. ROTLLANT DAURELLA,../../../en/results/equestrian/athlete-profile-n1357082-veniss-pedro.htm,VENISS Pedro,France
Switzerland,../../../en/results/equestrian/horse-nh100000-colero.htm,COLERO,Equestrian,2008,Gelding,104WN06,Bay,Westfälisches Pferdestammbuch e.V.,,,VOGG JURGEN,,,,Germany
Great Britain,../../../en/results/equestrian/horse-nh100001-allstar-b.htm,ALLSTAR B,Equestrian,2005,Stallion,103JE62,Chestnut,Koninklijk Warmbloed Paardenstamboek Nederland,,,CAROLINE MOORE AND ROSALIND CANTER,,../../../en/results/equestrian/athlete-profile-n1478814-canter-rosalind.htm,CANTER Rosalind,Netherlands
Belgium,../../../en/results/equestrian/horse-nh100002-claire-z.htm,CLAIRE Z,Equestrian,2008,Mare,104FM61,Bay,Stud-book Zangersheide,,,"DEVOS STABLES, STAL DE LEYGRAAF",,../../../en/results/equestrian/athlete-profile-n1393569-devos-pieter.htm,DEVOS Pieter,Belgium
Ireland,../../../en/results/equestrian/horse-nh100003-alejandro.htm,ALEJANDRO,Equestrian,2019,Gelding,105DG45,Grey,Rheinisches Pferdestammbuch e.V.,,"SPY COAST FARM, LLC","SEABROOK LLC, SHANE SWEETNAM","SPY COAST FARM, LLC",../../../en/results/equestrian/athlete-profile-n1309598-sweetnam-shane.htm,SWEETNAM Shane,
Morocco,../../../en/results/equestrian/horse-nh100004-golden-lady.htm,GOLDEN LADY,Equestrian,2011,Mare,105XI34,Bay,Koninklijk Warmbloed Paardenstamboek Nederland,,,HASSAN MERNISSI,,../../../en/results/equestrian/athlete-profile-n1432338-al-ahrach-ali.htm,AL AHRACH Ali,
,../../../en/results/modern-pentathlon/horse-nh200001-far-west.htm,FAR WEST,Modern Pentathlon,2011,Gelding,,Bay,,,,,,,,
,../../../en/results/modern-pentathlon/horse-nh200002-eutric.htm,EUTRIC,Modern Pentathlon,2009,Gelding,,Dark Bay,,,,,,,,
,../../../en/results/modern-pentathlon/horse-nh200003-chaccolino.htm,CHACCOLINO,Modern Pentathlon,2009,Gelding,,Bay,,,,,,,,
,../../../en/results/modern-pentathlon/horse-nh200004-happy-sunshine.htm,HAPPY SUNSHINE,Modern Pentathlon,2006,Gelding,,Bay,,,,,,,,
,../../../en/results/modern-pentathlon/horse-nh200005-cassis.htm,CASSIS,Modern Pentathlon,2006,Gelding,,Grey,,,,,,,,
,../../../en/results/modern-pentathlon/horse-nh200006-fittoria.htm,FITTORIA,Modern Pentathlon,2010,Mare,,Bay,,,,,,,,
,../../../en/results/modern-pentathlon/horse-nh200007-clntino.htm,CLNTINO,Modern Pentathlon,2009,Gelding,,Bay,,,,,,,,
,../../../en/results/modern-pentathlon/horse-nh200008-jhon.htm,JHON,Modern Pentathlon,2007,Gelding,,Grey,,,,,,,,
,../../../en/results/modern-pentathlon/horse-nh200009-kairo.htm,KAIRO,Modern Pentathlon,2009,Gelding,,Chestnut,,,,,,,,
,../../../en/results/modern-pentathlon/horse-nh200010-quidoso-2.htm,QUIDOSO 2,Modern Pentathlon,2009,Gelding,,Bay,,,,,,,,
,../../../en/results/modern-pentathlon/horse-nh200011-i-m-on-top.htm,I'M ON TOP,Modern Pentathlon,2007,Gelding,,Bay,,,,,,,,
,../../../en/results/modern-pentathlon/horse-nh200012-cristbal-21.htm,CRISTBAL 21,Modern Pentathlon,2005,Stallion,,Grey,,,,,,,,
,../../../en/results/modern-pentathlon/horse-nh200013-merlot-castillon.htm,MERLOT CASTILLON,Modern Pentathlon,2006,Gelding,,Bay,,,,,,,,
,../../../en/results/modern-pentathlon/horse-nh200014-up-to-you.htm,UP TO YOU,Modern Pentathlon,2008,Gelding,,Bay,,,,,,,,
,../../../en/results/modern-pentathlon/horse-nh200015-crackyfy-z.htm,CRACKYFY Z,Modern Pentathlon,2005,Mare,,Dark Chestnut,,,,,,,,
,../../../en/results/modern-pentathlon/horse-nh200016-air-jody-z.htm,AIR JODY Z,Modern Pentathlon,2006,Mare,,Dark Bay,,,,,,,,
,../../../en/results/modern-pentathlon/horse-nh200017-fluoriet.htm,FLUORIET,Modern Pentathlon,2010,Gelding,,Bay,,,,,,,,
,../../../en/results/modern-pentathlon/horse-nh200018-ladento.htm,LADENTO,Modern Pentathlon,2011,Gelding,,Grey,,,,,,,,
,../../../en/results/modern-pentathlon/horse-nh200019-farome.htm,FAROME,Modern Pentathlon,2010,Mare,,Dark Bay,,,,,,,,
,../../../en/results/modern-pentathlon/horse-nh200020-discastino.htm,DISCASTINO,Modern Pentathlon,2011,Gelding,,Dark Bay,,,,,,,,
,../../../en/results/modern-pentathlon/horse-nh200021-caleansiena-yh.htm,CALEANSIENA YH,Modern Pentathlon,2010,Mare,,Dark Bay,,,,,,,,
,../../../en/results/modern-pentathlon/horse-nh200022-aerosmith.htm,AEROSMITH,Modern Pentathlon,2005,Gelding,,Grey,,,,,,,,
,../../../en/results/modern-pentathlon/horse-nh200023-zamenntosu.htm,ZAMENNTOSU,Modern Pentathlon,2004,Gelding,,Bay,,,,,,,,
,../../../en/results/modern-pentathlon/horse-nh200024-jet.htm,JET,Modern Pentathlon,2010,Gelding,,Bay,,,,,,,,
,../../../en/results/modern-pentathlon/horse-nh200025-saint-boy.htm,SAINT BOY,Modern Pentathlon,2006,Gelding,,Bay,,,,,,,,
,../../../en/results/modern-pentathlon/horse-nh200026-beauty.htm,BEAUTY,Modern Pentathlon,2006,Mare,,Grey,,,,,,,,
,../../../en/results/modern-pentathlon/horse-nh200027-pecora.htm,PECORA,Modern Pentathlon,2010,Gelding,,Bay,,,,,,,,
,../../../en/results/modern-pentathlon/horse-nh200028-ultimate-z.htm,ULTIMATE Z,Modern Pentathlon,2012,Gelding,,Grey,,,,,,,,
,../../../en/results/modern-pentathlon/horse-nh200029-wisconsin-bz.htm,WISCONSIN BZ,Modern Pentathlon,2008,Gelding,,Bay,,,,,,,,
,../../../en/results/modern-pentathlon/horse-nh200030-constantin.htm,CONSTANTIN,Modern Pentathlon,2007,Gelding,,Bay,,,,,,,,
,../../../en/results/modern-pentathlon/horse-nh200031-luke.htm,LUKE,Modern Pentathlon,2004,Gelding,,Bay,,,,,,,,
,../../../en/results/modern-pentathlon/horse-nh200032-big-cash.htm,BIG CASH,Modern Pentathlon,2010,Gelding,,Bay,,,,,,,,
,../../../en/results/modern-pentathlon/horse-nh200033-adam.htm,ADAM,Modern Pentathlon,2010,Gelding,,Bay,,,,,,,,
,../../../en/results/modern-pentathlon/horse-nh200034-kanunnik.htm,KANUNNIK,Modern Pentathlon,2010,Gelding,,Chestnut,,,,,,,,
,../../../en/results/modern-pentathlon/horse-nh200035-discovery.htm,DISCOVERY,Modern Pentathlon,2008,Gelding,,Grey,,,,,,,,
